conversation_id,message_index,message_id,timestamp,role,current_items_in_order,target_items_to_order,is_ordering_complete,menu_exploration_style,mood_tone,ordering_style,has_tool_calls
chat_with_guest_simulation_llm_messages_log_Carlos-Mendez_test_case_number_23,1,ba70a967-d48f-44f7-8722-4c4cee87e54e,2025-08-30T05:30:54.192310+00:00,agent,[],"[{'name': 'Fettuccine Alfredo', 'quantity': 1, 'modifiers': ['Lobster', 'Mushrooms']}, {'name': 'Margarita', 'quantity': 1, 'modifiers': ['On the Rocks', 'Mango', 'Sugar Rim', 'Premium Tequila']}]",no,does_not_explore_menu,casual,all_at_once,False
chat_with_guest_simulation_llm_messages_log_Carlos-Mendez_test_case_number_23,3,90728863-0ddc-4e85-9516-f55c9bf3d69c,2025-08-30T05:30:56.929341+00:00,agent,[],"[{'name': 'Fettuccine Alfredo', 'quantity': 1, 'modifiers': ['Lobster', 'Mushrooms']}, {'name': 'Margarita', 'quantity': 1, 'modifiers': ['On the Rocks', 'Mango', 'Sugar Rim', 'Premium Tequila']}]",no,does_not_explore_menu,casual,all_at_once,False
chat_with_guest_simulation_llm_messages_log_Carlos-Mendez_test_case_number_23,5,9af9ce5e-dee3-4e57-92af-7d619eb82318,2025-08-30T05:31:00.780090+00:00,agent,[],"[{'name': 'Fettuccine Alfredo', 'quantity': 1, 'modifiers': ['Lobster', 'Mushrooms']}, {'name': 'Margarita', 'quantity': 1, 'modifiers': ['On the Rocks', 'Mango', 'Sugar Rim', 'Premium Tequila']}]",yes,does_not_explore_menu,confused,all_at_once,False
chat_with_guest_simulation_llm_messages_log_Carlos-Mendez_test_case_number_23,7,8b0a711b-b5da-4cce-b66a-756c0724f9e7,2025-08-30T05:31:07.373190+00:00,agent,[],"[{'name': 'Fettuccine Alfredo', 'quantity': 1, 'modifiers': ['Lobster', 'Mushrooms']}, {'name': 'Margarita', 'quantity': 1, 'modifiers': ['On the Rocks', 'Mango', 'Sugar Rim', 'Premium Tequila']}]",no,does_not_explore_menu,frustrated,all_at_once,False
chat_with_guest_simulation_llm_messages_log_Carlos-Mendez_test_case_number_23,9,9a956676-4025-46a1-aaa6-aed7584e4a03,2025-08-30T05:31:13.103350+00:00,agent,[],"[{'name': 'Fettuccine Alfredo', 'quantity': 1, 'modifiers': ['Lobster', 'Mushrooms']}, {'name': 'Margarita', 'quantity': 1, 'modifiers': ['On the Rocks', 'Mango', 'Sugar Rim', 'Premium Tequila']}]",no,does_not_explore_menu,frustrated,all_at_once,False
chat_with_guest_simulation_llm_messages_log_Carlos-Mendez_test_case_number_23,11,3ad98a89-9d79-40be-9ed5-9afd71d16a2c,2025-08-30T05:31:16.191467+00:00,agent,"[{'name': 'Fettuccine Alfredo with Lobster, Mushrooms', 'quantity': 1, 'base_price': 31.99, 'item_total_price': 31.99, 'modifiers': ['Lobster', 'Mushrooms']}, {'name': 'Margarita with On the Rocks, Mango, Sugar Rim, Premium Tequila', 'quantity': 1, 'base_price': 15.99, 'item_total_price': 15.99, 'modifiers': ['On the Rocks', 'Mango', 'Sugar Rim', 'Premium Tequila']}]","[{'name': 'Fettuccine Alfredo', 'quantity': 1, 'modifiers': ['Lobster', 'Mushrooms']}, {'name': 'Margarita', 'quantity': 1, 'modifiers': ['On the Rocks', 'Mango', 'Sugar Rim', 'Premium Tequila']}]",yes,does_not_explore_menu,casual,all_at_once,False
chat_with_guest_simulation_llm_messages_log_Thomas-Wright_test_case_number_36,1,f17c6dd9-cc4c-48bb-9820-89e245589e0b,2025-08-30T05:33:53.391673+00:00,agent,[],"[{'name': 'Fish and Chips', 'quantity': 1, 'modifiers': ['Extra Piece of Fish']}]",no,does_not_explore_menu,casual,all_at_once,False
chat_with_guest_simulation_llm_messages_log_Thomas-Wright_test_case_number_36,3,c92d5bdf-52c2-48d5-8fc1-3d173ae6f54c,2025-08-30T05:33:55.018512+00:00,agent,[],"[{'name': 'Fish and Chips', 'quantity': 1, 'modifiers': ['Extra Piece of Fish']}]",no,does_not_explore_menu,casual,all_at_once,False
chat_with_guest_simulation_llm_messages_log_Thomas-Wright_test_case_number_36,5,cf77a756-190d-4cca-8781-1a4a4eb0f50c,2025-08-30T05:33:57.823254+00:00,agent,"[{'name': 'Fish and Chips', 'quantity': 1, 'base_price': 18.99, 'item_total_price': 26.99, 'modifiers': [{'name': 'Extra Piece of Fish', 'price': 8.0}]}]","[{'name': 'Fish and Chips', 'quantity': 1, 'modifiers': ['Extra Piece of Fish']}]",yes,does_not_explore_menu,casual,all_at_once,False
chat_with_guest_simulation_llm_messages_log_Carlos-Mendez_test_case_number_22,1,706f7bf8-3e6a-4d25-90d0-7c8b7bf0003e,2025-08-30T05:30:36.972257+00:00,agent,[],"[{'name': 'Filet Mignon', 'quantity': 1, 'modifiers': ['Rare', 'Red Wine Reduction', 'Blue Cheese Crust']}, {'name': 'Lobster Tail', 'quantity': 1, 'modifiers': ['Grilled', 'Extra Butter']}]",no,does_not_explore_menu,casual,all_at_once,False
chat_with_guest_simulation_llm_messages_log_Carlos-Mendez_test_case_number_22,3,3ba177a5-92d9-400b-a629-c17557901a13,2025-08-30T05:30:41.167164+00:00,agent,[],"[{'name': 'Filet Mignon', 'quantity': 1, 'modifiers': ['Rare', 'Red Wine Reduction', 'Blue Cheese Crust']}, {'name': 'Lobster Tail', 'quantity': 1, 'modifiers': ['Grilled', 'Extra Butter']}]",no,does_not_explore_menu,casual,one_by_one,False
chat_with_guest_simulation_llm_messages_log_Carlos-Mendez_test_case_number_22,5,6a9ada5d-35b1-4540-be5d-64ae1bfe44be,2025-08-30T05:30:45.865780+00:00,agent,[],"[{'name': 'Filet Mignon', 'quantity': 1, 'modifiers': ['Rare', 'Red Wine Reduction', 'Blue Cheese Crust']}, {'name': 'Lobster Tail', 'quantity': 1, 'modifiers': ['Grilled', 'Extra Butter']}]",yes,does_not_explore_menu,casual,all_at_once,False
chat_with_guest_simulation_llm_messages_log_Carlos-Mendez_test_case_number_22,7,43ccdf69-f800-4467-8646-c45ec4093e83,2025-08-30T05:30:49.247830+00:00,agent,"[{'name': 'Filet Mignon', 'quantity': 1, 'base_price': 48.99, 'item_total_price': 48.99, 'modifiers': ['cooked rare', 'red wine reduction sauce', 'blue cheese crust']}, {'name': 'Lobster Tail', 'quantity': 1, 'base_price': 44.99, 'item_total_price': 46.99, 'modifiers': ['grilled', 'extra butter']}]","[{'name': 'Filet Mignon', 'quantity': 1, 'modifiers': ['Rare', 'Red Wine Reduction', 'Blue Cheese Crust']}, {'name': 'Lobster Tail', 'quantity': 1, 'modifiers': ['Grilled', 'Extra Butter']}]",yes,does_not_explore_menu,frustrated,all_at_once,False
chat_with_guest_simulation_llm_messages_log_Alex-Turner_test_case_number_52,1,4b63ee8f-fd60-46f2-8081-07c2c8ef54d1,2025-08-30T05:36:53.429865+00:00,agent,[],"[{'name': 'Vegetable Stir Fry', 'quantity': 1, 'modifiers': ['Tofu', 'Brown Rice', 'Hot']}]",no,does_not_explore_menu,casual,all_at_once,False
chat_with_guest_simulation_llm_messages_log_Alex-Turner_test_case_number_52,3,7000be89-9ac2-47e4-a5b1-df184bb4cda0,2025-08-30T05:36:56.253145+00:00,agent,[],"[{'name': 'Vegetable Stir Fry', 'quantity': 1, 'modifiers': ['Tofu', 'Brown Rice', 'Hot']}]",yes,does_not_explore_menu,casual,all_at_once,False
chat_with_guest_simulation_llm_messages_log_Alex-Turner_test_case_number_52,5,bfbdaa0a-2a81-4bec-baf8-6bf8ee0dbfa2,2025-08-30T05:36:58.697374+00:00,agent,"[{'name': 'Vegetable Stir Fry', 'quantity': 1, 'base_price': 14.99, 'item_total_price': 18.99, 'modifiers': [{'name': 'tofu', 'price': 4.0}, {'name': 'brown rice', 'price': 0.0}, {'name': 'hot spice level', 'price': 0.0}]}]","[{'name': 'Vegetable Stir Fry', 'quantity': 1, 'modifiers': ['Tofu', 'Brown Rice', 'Hot']}]",yes,does_not_explore_menu,casual,all_at_once,False
chat_with_guest_simulation_llm_messages_log_Jessica-Martinez_test_case_number_14,1,a8c9e05b-5b9d-4080-ae5f-a6e077e1dea8,2025-08-30T05:28:13.349593+00:00,agent,[],"[{'name': 'Portobello Mushroom Burger', 'quantity': 1, 'modifiers': ['French Fries']}, {'name': 'French Onion Soup', 'quantity': 1, 'modifiers': []}]",no,does_not_explore_menu,casual,all_at_once,False
chat_with_guest_simulation_llm_messages_log_Jessica-Martinez_test_case_number_14,3,96fb2aa4-e2a5-4e33-9ae8-8e0a6a912bfa,2025-08-30T05:28:15.979769+00:00,agent,[],"[{'name': 'Portobello Mushroom Burger', 'quantity': 1, 'modifiers': ['French Fries']}, {'name': 'French Onion Soup', 'quantity': 1, 'modifiers': []}]",no,does_not_explore_menu,casual,all_at_once,False
chat_with_guest_simulation_llm_messages_log_Jessica-Martinez_test_case_number_14,5,ca190045-e59d-4dac-8f2a-eb4a7d1e9805,2025-08-30T05:28:18.918777+00:00,agent,"[{'name': 'Portobello Mushroom Burger with French Fries', 'quantity': 1, 'base_price': 13.99, 'item_total_price': 13.99, 'modifiers': []}, {'name': 'French Onion Soup', 'quantity': 1, 'base_price': 8.99, 'item_total_price': 8.99, 'modifiers': ['regular size']}]","[{'name': 'Portobello Mushroom Burger', 'quantity': 1, 'modifiers': ['French Fries']}, {'name': 'French Onion Soup', 'quantity': 1, 'modifiers': []}]",yes,does_not_explore_menu,casual,all_at_once,False
chat_with_guest_simulation_llm_messages_log_Thomas-Wright_test_case_number_35,1,49965a0c-e4b3-495c-b53c-e542dca614d0,2025-08-30T05:33:44.663317+00:00,agent,[],"[{'name': 'Baby Back Ribs', 'quantity': 1, 'modifiers': ['Half Rack', 'French Fries']}]",no,does_not_explore_menu,casual,all_at_once,False
chat_with_guest_simulation_llm_messages_log_Thomas-Wright_test_case_number_35,3,e2d2f958-2b32-47e3-abed-b1fc788dce5c,2025-08-30T05:33:46.608214+00:00,agent,[],"[{'name': 'Baby Back Ribs', 'quantity': 1, 'modifiers': ['Half Rack', 'French Fries']}]",no,does_not_explore_menu,casual,all_at_once,False
chat_with_guest_simulation_llm_messages_log_Thomas-Wright_test_case_number_35,5,956684d1-c600-4ab6-a5ad-1c6cc22a88fe,2025-08-30T05:33:49.167348+00:00,agent,"[{'name': 'Baby Back Ribs with Half Rack', 'quantity': 1, 'base_price': 20.99, 'item_total_price': 20.99, 'modifiers': ['French Fries']}]","[{'name': 'Baby Back Ribs', 'quantity': 1, 'modifiers': ['Half Rack', 'French Fries']}]",yes,does_not_explore_menu,casual,all_at_once,False
chat_with_guest_simulation_llm_messages_log_Robert-Kim_test_case_number_17,1,acac5b98-0e6f-4e78-80d3-bcf1e980c909,2025-08-30T05:28:45.633926+00:00,agent,[],"[{'name': 'Classic Burger', 'quantity': 1, 'modifiers': ['Medium', 'American', 'French Fries']}]",no,does_not_explore_menu,casual,all_at_once,False
chat_with_guest_simulation_llm_messages_log_Robert-Kim_test_case_number_17,3,b7dba601-8327-4140-bc78-eae012dcc119,2025-08-30T05:28:49.741359+00:00,agent,[],"[{'name': 'Classic Burger', 'quantity': 1, 'modifiers': ['Medium', 'American', 'French Fries']}]",no,does_not_explore_menu,casual,all_at_once,False
chat_with_guest_simulation_llm_messages_log_Robert-Kim_test_case_number_17,5,e180eff9-de6f-4dca-a31d-864742c31165,2025-08-30T05:28:53.946914+00:00,agent,"[{'name': 'Classic Burger', 'quantity': 1, 'base_price': 15.99, 'item_total_price': 17.49, 'modifiers': [{'name': 'Cooked Medium', 'price': 0.0}, {'name': 'American Cheese', 'price': 1.5}, {'name': 'French Fries', 'price': 0.0}]}]","[{'name': 'Classic Burger', 'quantity': 1, 'modifiers': ['Medium', 'American', 'French Fries']}]",yes,does_not_explore_menu,casual,all_at_once,False
chat_with_guest_simulation_llm_messages_log_Robert-Kim_test_case_number_16,1,86c29a72-ac09-45b3-8f1c-3b2c2eb0ee48,2025-08-30T05:28:34.020025+00:00,agent,[],"[{'name': 'Club Sandwich', 'quantity': 1, 'modifiers': ['White', 'French Fries']}]",no,does_not_explore_menu,casual,all_at_once,False
chat_with_guest_simulation_llm_messages_log_Robert-Kim_test_case_number_16,3,2598736c-f1e6-49ea-abaf-727f45a4c90b,2025-08-30T05:28:37.347011+00:00,agent,"[{'name': 'Club Sandwich', 'quantity': 1, 'base_price': 15.99, 'item_total_price': 15.99, 'modifiers': [{'name': 'White Bread'}, {'name': 'French Fries'}]}]","[{'name': 'Club Sandwich', 'quantity': 1, 'modifiers': ['White', 'French Fries']}]",no,does_not_explore_menu,casual,all_at_once,False
chat_with_guest_simulation_llm_messages_log_Thomas-Wright_test_case_number_34,1,2cb60dc3-4124-49cd-bddb-6bc62a65f39a,2025-08-30T05:33:35.859397+00:00,agent,[],"[{'name': 'BBQ Bacon Burger', 'quantity': 1, 'modifiers': ['Medium Well', 'Onion Rings']}]",no,does_not_explore_menu,casual,all_at_once,False
chat_with_guest_simulation_llm_messages_log_Thomas-Wright_test_case_number_34,3,61f53955-7233-43cd-b03b-ab72b98199e8,2025-08-30T05:33:37.598158+00:00,agent,[],"[{'name': 'BBQ Bacon Burger', 'quantity': 1, 'modifiers': ['Medium Well', 'Onion Rings']}]",no,does_not_explore_menu,casual,all_at_once,False
chat_with_guest_simulation_llm_messages_log_Thomas-Wright_test_case_number_34,5,1ca96710-f6ad-43f6-a048-1f16ccb05c99,2025-08-30T05:33:40.772511+00:00,agent,"[{'name': 'BBQ Bacon Burger', 'quantity': 1, 'base_price': 18.99, 'item_total_price': 18.99, 'modifiers': [{'name': 'Cooked Medium Well', 'price': 0.0}]}, {'name': 'Onion Rings', 'quantity': 1, 'base_price': 3.0, 'item_total_price': 3.0, 'modifiers': []}]","[{'name': 'BBQ Bacon Burger', 'quantity': 1, 'modifiers': ['Medium Well', 'Onion Rings']}]",yes,does_not_explore_menu,casual,all_at_once,False
chat_with_guest_simulation_llm_messages_log_Jessica-Martinez_test_case_number_15,1,549bc743-7c86-401c-b110-dd4bf2d046c5,2025-08-30T05:28:23.234577+00:00,agent,[],"[{'name': 'Margherita Pizza', 'quantity': 1, 'modifiers': ['Small 10""']}, {'name': 'Apple Pie', 'quantity': 1, 'modifiers': []}]",no,does_not_explore_menu,casual,all_at_once,False
chat_with_guest_simulation_llm_messages_log_Jessica-Martinez_test_case_number_15,3,01f8d6a4-48ed-4259-95a1-ee0bc0d3d09b,2025-08-30T05:28:25.891116+00:00,agent,[],"[{'name': 'Margherita Pizza', 'quantity': 1, 'modifiers': ['Small 10""']}, {'name': 'Apple Pie', 'quantity': 1, 'modifiers': []}]",no,does_not_explore_menu,casual,all_at_once,False
chat_with_guest_simulation_llm_messages_log_Jessica-Martinez_test_case_number_15,5,67702466-6573-44ca-837e-cee473695b06,2025-08-30T05:28:27.781048+00:00,agent,"[{'name': 'Small Margherita Pizza', 'quantity': 1, 'base_price': 16.99, 'item_total_price': 16.99, 'modifiers': []}, {'name': 'Apple Pie', 'quantity': 1, 'base_price': 6.99, 'item_total_price': 6.99, 'modifiers': []}]","[{'name': 'Margherita Pizza', 'quantity': 1, 'modifiers': ['Small 10""']}, {'name': 'Apple Pie', 'quantity': 1, 'modifiers': []}]",yes,does_not_explore_menu,casual,all_at_once,False
chat_with_guest_simulation_llm_messages_log_Alex-Turner_test_case_number_53,1,a5fde4e6-96a9-471b-8fdc-ddc90880cf44,2025-08-30T05:37:02.412368+00:00,agent,[],"[{'name': 'Portobello Mushroom Burger', 'quantity': 1, 'modifiers': ['Vegan Cheese', 'Sweet Potato Fries']}]",no,does_not_explore_menu,casual,all_at_once,False
chat_with_guest_simulation_llm_messages_log_Alex-Turner_test_case_number_53,3,f1bc112b-0715-41f1-8831-33172ebddd59,2025-08-30T05:37:04.863781+00:00,agent,[],"[{'name': 'Portobello Mushroom Burger', 'quantity': 1, 'modifiers': ['Vegan Cheese', 'Sweet Potato Fries']}]",yes,does_not_explore_menu,casual,all_at_once,False
chat_with_guest_simulation_llm_messages_log_Alex-Turner_test_case_number_53,5,05a93ce6-250c-4740-8e9e-e7984e1c40ef,2025-08-30T05:37:08.102137+00:00,agent,[],"[{'name': 'Portobello Mushroom Burger', 'quantity': 1, 'modifiers': ['Vegan Cheese', 'Sweet Potato Fries']}]",yes,does_not_explore_menu,casual,all_at_once,False
chat_with_guest_simulation_llm_messages_log_Alex-Turner_test_case_number_53,7,54117fcb-637c-47b5-b412-fd968704b1f5,2025-08-30T05:37:10.891315+00:00,agent,"[{'name': 'Portobello Mushroom Burger', 'quantity': 1, 'base_price': 13.99, 'item_total_price': 17.99, 'modifiers': [{'name': 'Vegan Cheese', 'price': 2.0}, {'name': 'Sweet Potato Fries', 'price': 2.0}]}]","[{'name': 'Portobello Mushroom Burger', 'quantity': 1, 'modifiers': ['Vegan Cheese', 'Sweet Potato Fries']}]",yes,does_not_explore_menu,casual,all_at_once,False
chat_with_guest_simulation_llm_messages_log_Rachel-Green_test_case_number_37,1,373fc0ec-6e04-4549-b3dd-11043b7dc723,2025-08-30T05:34:03.003608+00:00,agent,[],"[{'name': 'Lobster Tail', 'quantity': 1, 'modifiers': ['Broiled', 'Third Tail']}, {'name': 'Chocolate Lava Cake', 'quantity': 1, 'modifiers': ['Chocolate', 'Whipped Cream']}]",no,does_not_explore_menu,casual,one_by_one,False
chat_with_guest_simulation_llm_messages_log_Rachel-Green_test_case_number_37,3,38c3369e-bfac-405a-917e-5c4cd8f5dcde,2025-08-30T05:34:06.099697+00:00,agent,[],"[{'name': 'Lobster Tail', 'quantity': 1, 'modifiers': ['Broiled', 'Third Tail']}, {'name': 'Chocolate Lava Cake', 'quantity': 1, 'modifiers': ['Chocolate', 'Whipped Cream']}]",no,does_not_explore_menu,confused,all_at_once,False
chat_with_guest_simulation_llm_messages_log_Rachel-Green_test_case_number_37,5,c4182348-8e72-4f39-8d39-cd0639e913b5,2025-08-30T05:34:09.177604+00:00,agent,"[{'name': 'Lobster Tail', 'quantity': 1, 'base_price': 44.99, 'item_total_price': 66.99, 'modifiers': ['Broiled', 'Third Tail']}, {'name': 'Chocolate Lava Cake', 'quantity': 1, 'base_price': 8.99, 'item_total_price': 8.99, 'modifiers': ['Chocolate Ice Cream', 'Whipped Cream']}]","[{'name': 'Lobster Tail', 'quantity': 1, 'modifiers': ['Broiled', 'Third Tail']}, {'name': 'Chocolate Lava Cake', 'quantity': 1, 'modifiers': ['Chocolate', 'Whipped Cream']}]",yes,does_not_explore_menu,casual,all_at_once,False
chat_with_guest_simulation_llm_messages_log_Carlos-Mendez_test_case_number_24,1,213af97e-357d-479f-adb3-97f6193492d4,2025-08-30T05:31:22.430384+00:00,agent,[],"[{'name': 'Atlantic Salmon', 'quantity': 1, 'modifiers': ['Blackened', 'Mango Salsa', 'Quinoa']}, {'name': 'Spinach Artichoke Dip', 'quantity': 1, 'modifiers': ['Pita Bread']}]",no,does_not_explore_menu,casual,all_at_once,False
chat_with_guest_simulation_llm_messages_log_Carlos-Mendez_test_case_number_24,3,f9aef964-2d56-4c53-9eeb-b9f747237edd,2025-08-30T05:31:31.847394+00:00,agent,[],"[{'name': 'Atlantic Salmon', 'quantity': 1, 'modifiers': ['Blackened', 'Mango Salsa', 'Quinoa']}, {'name': 'Spinach Artichoke Dip', 'quantity': 1, 'modifiers': ['Pita Bread']}]",no,does_not_explore_menu,casual,all_at_once,False
chat_with_guest_simulation_llm_messages_log_Carlos-Mendez_test_case_number_24,5,d619e27a-5a90-463f-9fc1-63544aaf40ec,2025-08-30T05:31:35.328623+00:00,agent,"[{'name': 'Atlantic Salmon', 'quantity': 1, 'base_price': 26.99, 'item_total_price': 31.99, 'modifiers': [{'name': 'Preparation', 'value': 'Blackened', 'price': 0.0}, {'name': 'Sauce', 'value': 'Mango Salsa', 'price': 3.0}, {'name': 'Side Substitute', 'value': 'Quinoa', 'price': 2.0}]}, {'name': 'Spinach Artichoke Dip', 'quantity': 1, 'base_price': 11.99, 'item_total_price': 13.99, 'modifiers': [{'name': 'Bread Choice', 'value': 'Pita Bread', 'price': 2.0}]}]","[{'name': 'Atlantic Salmon', 'quantity': 1, 'modifiers': ['Blackened', 'Mango Salsa', 'Quinoa']}, {'name': 'Spinach Artichoke Dip', 'quantity': 1, 'modifiers': ['Pita Bread']}]",yes,does_not_explore_menu,casual,all_at_once,False
chat_with_guest_simulation_llm_messages_log_Alex-Turner_test_case_number_54,1,2380fc01-c4d3-4a27-964a-0e77a7a0d6cf,2025-08-30T05:37:14.719199+00:00,agent,[],"[{'name': 'Margherita Pizza', 'quantity': 1, 'modifiers': ['Small 10""', 'Thin Crust']}]",no,does_not_explore_menu,casual,all_at_once,False
chat_with_guest_simulation_llm_messages_log_Alex-Turner_test_case_number_54,3,7a650646-ee39-45ea-afc0-a57938648ac0,2025-08-30T05:37:17.235723+00:00,agent,[],"[{'name': 'Margherita Pizza', 'quantity': 1, 'modifiers': ['Small 10""', 'Thin Crust']}]",no,does_not_explore_menu,casual,all_at_once,False
chat_with_guest_simulation_llm_messages_log_Alex-Turner_test_case_number_54,5,3ee37f6b-cd7d-4702-a24a-6bf6c5ceb0f7,2025-08-30T05:37:19.810467+00:00,agent,[],"[{'name': 'Margherita Pizza', 'quantity': 1, 'modifiers': ['Small 10""', 'Thin Crust']}]",yes,does_not_explore_menu,casual,all_at_once,False
chat_with_guest_simulation_llm_messages_log_Alex-Turner_test_case_number_54,7,971bf41e-ca30-42af-a9a6-86b7c62af546,2025-08-30T05:37:21.824158+00:00,agent,"[{'name': 'Small Margherita Pizza', 'quantity': 1, 'base_price': 16.99, 'item_total_price': 16.99, 'modifiers': ['Thin Crust', 'No Cheese', 'Tomatoes', 'Basil']}]","[{'name': 'Margherita Pizza', 'quantity': 1, 'modifiers': ['Small 10""', 'Thin Crust']}]",yes,does_not_explore_menu,casual,all_at_once,False
chat_with_guest_simulation_llm_messages_log_Jessica-Martinez_test_case_number_13,1,341d2ed4-c06c-4c12-8cdb-bc788387a13c,2025-08-30T05:28:05.052587+00:00,agent,[],"[{'name': 'Vegetable Stir Fry', 'quantity': 1, 'modifiers': ['Tofu', 'Medium']}, {'name': 'Coca-Cola', 'quantity': 1, 'modifiers': ['Small']}]",no,does_not_explore_menu,casual,all_at_once,False
chat_with_guest_simulation_llm_messages_log_Jessica-Martinez_test_case_number_13,3,ec5553a2-cd09-4bd2-b4d6-16e9dbc747c1,2025-08-30T05:28:07.436911+00:00,agent,[],"[{'name': 'Vegetable Stir Fry', 'quantity': 1, 'modifiers': ['Tofu', 'Medium']}, {'name': 'Coca-Cola', 'quantity': 1, 'modifiers': ['Small']}]",yes,does_not_explore_menu,casual,all_at_once,False
chat_with_guest_simulation_llm_messages_log_Jessica-Martinez_test_case_number_13,5,f3ecc626-2bf5-4dcc-bc4d-298ca111ce03,2025-08-30T05:28:09.550230+00:00,agent,"[{'name': 'Vegetable Stir Fry with tofu and medium spice', 'quantity': 1, 'base_price': 14.99, 'item_total_price': 18.99, 'modifiers': ['tofu', 'medium spice']}, {'name': 'Small Coca-Cola', 'quantity': 1, 'base_price': 3.99, 'item_total_price': 3.99, 'modifiers': []}]","[{'name': 'Vegetable Stir Fry', 'quantity': 1, 'modifiers': ['Tofu', 'Medium']}, {'name': 'Coca-Cola', 'quantity': 1, 'modifiers': ['Small']}]",yes,does_not_explore_menu,casual,all_at_once,False
chat_with_guest_simulation_llm_messages_log_Kevin-Liu_test_case_number_48,1,11bac8ab-0964-4fb3-8c01-90195fbb9434,2025-08-30T05:35:51.953757+00:00,agent,[],"[{'name': 'Chicken Parmesan', 'quantity': 1, 'modifiers': []}]",no,does_not_explore_menu,casual,all_at_once,False
chat_with_guest_simulation_llm_messages_log_Kevin-Liu_test_case_number_48,3,7b96261c-5497-4696-b16d-e795e5cfed9f,2025-08-30T05:35:54.078750+00:00,agent,[],"[{'name': 'Chicken Parmesan', 'quantity': 1, 'modifiers': []}]",no,does_not_explore_menu,casual,all_at_once,False
chat_with_guest_simulation_llm_messages_log_Kevin-Liu_test_case_number_48,5,acce0c83-a61f-4af7-b1a2-b8c39706e888,2025-08-30T05:35:56.047829+00:00,agent,[],"[{'name': 'Chicken Parmesan', 'quantity': 1, 'modifiers': []}]",yes,does_not_explore_menu,casual,all_at_once,False
chat_with_guest_simulation_llm_messages_log_Kevin-Liu_test_case_number_48,7,a5b40057-dcd2-4fbe-aab0-619689ad05b3,2025-08-30T05:35:58.096092+00:00,agent,"[{'name': 'Chicken Parmesan', 'quantity': 1, 'base_price': 22.99, 'item_total_price': 22.99, 'modifiers': []}]","[{'name': 'Chicken Parmesan', 'quantity': 1, 'modifiers': []}]",yes,does_not_explore_menu,casual,all_at_once,False
chat_with_guest_simulation_llm_messages_log_Amanda-Foster_test_case_number_20,1,e1beab0f-0686-4ea6-901f-c49cc7cfbaf2,2025-08-30T05:29:31.424059+00:00,agent,[],"[{'name': 'Grilled Chicken Sandwich', 'quantity': 2, 'modifiers': ['French Fries']}, {'name': 'Club Sandwich', 'quantity': 2, 'modifiers': ['Wheat', 'Potato Chips']}, {'name': 'Vegetable Stir Fry', 'quantity': 1, 'modifiers': []}]",no,does_not_explore_menu,casual,all_at_once,False
chat_with_guest_simulation_llm_messages_log_Amanda-Foster_test_case_number_20,3,8ada35d7-054a-4f73-924b-d6bc68da256f,2025-08-30T05:29:36.844475+00:00,agent,[],"[{'name': 'Grilled Chicken Sandwich', 'quantity': 2, 'modifiers': ['French Fries']}, {'name': 'Club Sandwich', 'quantity': 2, 'modifiers': ['Wheat', 'Potato Chips']}, {'name': 'Vegetable Stir Fry', 'quantity': 1, 'modifiers': []}]",no,does_not_explore_menu,casual,all_at_once,False
chat_with_guest_simulation_llm_messages_log_Amanda-Foster_test_case_number_20,5,bdbe1499-daf8-4f16-8496-7eb7a4d03c68,2025-08-30T05:29:41.999884+00:00,agent,[],"[{'name': 'Grilled Chicken Sandwich', 'quantity': 2, 'modifiers': ['French Fries']}, {'name': 'Club Sandwich', 'quantity': 2, 'modifiers': ['Wheat', 'Potato Chips']}, {'name': 'Vegetable Stir Fry', 'quantity': 1, 'modifiers': []}]",no,does_not_explore_menu,casual,all_at_once,False
chat_with_guest_simulation_llm_messages_log_Amanda-Foster_test_case_number_20,7,435996fb-5e0a-4041-9276-f45563addb26,2025-08-30T05:29:48.008436+00:00,agent,"[{'name': 'Grilled Chicken Sandwich', 'quantity': 2, 'base_price': 14.99, 'item_total_price': 29.98, 'modifiers': ['French Fries']}, {'name': 'Club Sandwich', 'quantity': 2, 'base_price': 15.99, 'item_total_price': 31.98, 'modifiers': ['Wheat', 'Potato Chips']}, {'name': 'Vegetable Stir Fry', 'quantity': 1, 'base_price': 14.99, 'item_total_price': 14.99, 'modifiers': []}]","[{'name': 'Grilled Chicken Sandwich', 'quantity': 2, 'modifiers': ['French Fries']}, {'name': 'Club Sandwich', 'quantity': 2, 'modifiers': ['Wheat', 'Potato Chips']}, {'name': 'Vegetable Stir Fry', 'quantity': 1, 'modifiers': []}]",no,does_not_explore_menu,casual,all_at_once,False
chat_with_guest_simulation_llm_messages_log_Sofia-Russo_test_case_number_43,1,1ba5503f-d911-48a2-b909-807af4849ac3,2025-08-30T05:35:10.320210+00:00,agent,[],"[{'name': 'Filet Mignon', 'quantity': 1, 'modifiers': ['Medium Rare']}, {'name': 'House Red Wine', 'quantity': 1, 'modifiers': ['9oz Glass']}]",no,does_not_explore_menu,casual,all_at_once,False
chat_with_guest_simulation_llm_messages_log_Sofia-Russo_test_case_number_43,3,4fb8be3d-9b4c-4f1f-a7a4-82b9e4ac4a90,2025-08-30T05:35:13.040271+00:00,agent,[],"[{'name': 'Filet Mignon', 'quantity': 1, 'modifiers': ['Medium Rare']}, {'name': 'House Red Wine', 'quantity': 1, 'modifiers': ['9oz Glass']}]",no,does_not_explore_menu,casual,all_at_once,False
chat_with_guest_simulation_llm_messages_log_Sofia-Russo_test_case_number_43,5,748cfd12-4af2-4fa1-8671-141cc3018fee,2025-08-30T05:35:15.224942+00:00,agent,"[{'name': 'Filet Mignon', 'quantity': 1, 'base_price': 48.99, 'item_total_price': 48.99, 'modifiers': ['Medium Rare']}, {'name': 'House Red Wine', 'quantity': 1, 'base_price': 12.99, 'item_total_price': 12.99, 'modifiers': ['9oz Glass']}]","[{'name': 'Filet Mignon', 'quantity': 1, 'modifiers': ['Medium Rare']}, {'name': 'House Red Wine', 'quantity': 1, 'modifiers': ['9oz Glass']}]",yes,does_not_explore_menu,casual,all_at_once,False
chat_with_guest_simulation_llm_messages_log_Sarah-Johnson_test_case_number_1,1,ad621e02-24c8-4f97-a8cf-0fc4e12f5ae0,2025-08-30T05:25:19.727571+00:00,agent,[],"[{'name': 'Grilled Chicken Sandwich', 'quantity': 1, 'modifiers': ['French Fries']}]",no,does_not_explore_menu,casual,all_at_once,False
chat_with_guest_simulation_llm_messages_log_Sarah-Johnson_test_case_number_1,3,ae47c048-14c3-4f0c-bb42-926c5a122efe,2025-08-30T05:25:22.071192+00:00,agent,[],"[{'name': 'Grilled Chicken Sandwich', 'quantity': 1, 'modifiers': ['French Fries']}]",no,does_not_explore_menu,casual,all_at_once,False
chat_with_guest_simulation_llm_messages_log_Sarah-Johnson_test_case_number_1,5,5fa8dadb-9224-4b0a-b71a-f5ea89dbc0f5,2025-08-30T05:25:24.437318+00:00,agent,[],"[{'name': 'Grilled Chicken Sandwich', 'quantity': 1, 'modifiers': ['French Fries']}]",yes,does_not_explore_menu,casual,all_at_once,False
chat_with_guest_simulation_llm_messages_log_Sarah-Johnson_test_case_number_1,7,9e278e2c-1d8e-47dc-810e-6076702a7f0c,2025-08-30T05:25:26.376119+00:00,agent,"[{'name': 'Grilled Chicken Sandwich with French Fries', 'quantity': 1, 'base_price': 14.99, 'item_total_price': 14.99, 'modifiers': []}]","[{'name': 'Grilled Chicken Sandwich', 'quantity': 1, 'modifiers': ['French Fries']}]",yes,does_not_explore_menu,casual,all_at_once,False
chat_with_guest_simulation_llm_messages_log_David-Thompson_test_case_number_12,1,62154e1f-2017-4cc4-82bf-4fc5d3671b68,2025-08-30T05:27:39.235494+00:00,agent,[],"[{'name': 'Margherita Pizza', 'quantity': 1, 'modifiers': ['Large 18""', 'Gluten Free']}, {'name': 'Caesar Salad', 'quantity': 1, 'modifiers': ['No Croutons']}, {'name': 'Fresh Orange Juice', 'quantity': 2, 'modifiers': ['Small']}]",no,does_not_explore_menu,casual,one_by_one,False
chat_with_guest_simulation_llm_messages_log_David-Thompson_test_case_number_12,3,76f0e1c7-3e72-4d84-930f-d52ffa85d0f8,2025-08-30T05:27:41.345407+00:00,agent,[],"[{'name': 'Margherita Pizza', 'quantity': 1, 'modifiers': ['Large 18""', 'Gluten Free']}, {'name': 'Caesar Salad', 'quantity': 1, 'modifiers': ['No Croutons']}, {'name': 'Fresh Orange Juice', 'quantity': 2, 'modifiers': ['Small']}]",no,does_not_explore_menu,casual,one_by_one,False
chat_with_guest_simulation_llm_messages_log_David-Thompson_test_case_number_12,5,f4262299-4633-4db4-9f6d-ed17766a67ac,2025-08-30T05:27:43.384305+00:00,agent,[],"[{'name': 'Margherita Pizza', 'quantity': 1, 'modifiers': ['Large 18""', 'Gluten Free']}, {'name': 'Caesar Salad', 'quantity': 1, 'modifiers': ['No Croutons']}, {'name': 'Fresh Orange Juice', 'quantity': 2, 'modifiers': ['Small']}]",yes,does_not_explore_menu,casual,all_at_once,False
chat_with_guest_simulation_llm_messages_log_David-Thompson_test_case_number_12,7,68452881-6e19-42e0-ac92-bad4b9890396,2025-08-30T05:27:45.950828+00:00,agent,[],"[{'name': 'Margherita Pizza', 'quantity': 1, 'modifiers': ['Large 18""', 'Gluten Free']}, {'name': 'Caesar Salad', 'quantity': 1, 'modifiers': ['No Croutons']}, {'name': 'Fresh Orange Juice', 'quantity': 2, 'modifiers': ['Small']}]",yes,does_not_explore_menu,casual,one_by_one,False
chat_with_guest_simulation_llm_messages_log_David-Thompson_test_case_number_12,9,ccd9850f-2cab-4b17-94ff-6b8946aab2b9,2025-08-30T05:27:48.713891+00:00,agent,[],"[{'name': 'Margherita Pizza', 'quantity': 1, 'modifiers': ['Large 18""', 'Gluten Free']}, {'name': 'Caesar Salad', 'quantity': 1, 'modifiers': ['No Croutons']}, {'name': 'Fresh Orange Juice', 'quantity': 2, 'modifiers': ['Small']}]",no,does_not_explore_menu,casual,one_by_one,False
chat_with_guest_simulation_llm_messages_log_David-Thompson_test_case_number_12,11,4631713e-a887-450a-8e60-1d28d0c2290f,2025-08-30T05:27:52.743784+00:00,agent,[],"[{'name': 'Margherita Pizza', 'quantity': 1, 'modifiers': ['Large 18""', 'Gluten Free']}, {'name': 'Caesar Salad', 'quantity': 1, 'modifiers': ['No Croutons']}, {'name': 'Fresh Orange Juice', 'quantity': 2, 'modifiers': ['Small']}]",yes,does_not_explore_menu,confused,all_at_once,False
chat_with_guest_simulation_llm_messages_log_David-Thompson_test_case_number_12,13,f54332ae-0e3d-4c7e-93b3-42b5a9b67fad,2025-08-30T05:27:57.250165+00:00,agent,[],"[{'name': 'Margherita Pizza', 'quantity': 1, 'modifiers': ['Large 18""', 'Gluten Free']}, {'name': 'Caesar Salad', 'quantity': 1, 'modifiers': ['No Croutons']}, {'name': 'Fresh Orange Juice', 'quantity': 2, 'modifiers': ['Small']}]",no,does_not_explore_menu,confused,all_at_once,False
chat_with_guest_simulation_llm_messages_log_David-Thompson_test_case_number_12,15,90eb6853-3e1f-4e16-977f-12d99466a413,2025-08-30T05:28:00.468118+00:00,agent,"[{'name': 'Margherita Pizza', 'quantity': 1, 'base_price': 16.99, 'item_total_price': 16.99, 'modifiers': ['Large 18""', 'Gluten Free']}, {'name': 'Caesar Salad', 'quantity': 1, 'base_price': 12.99, 'item_total_price': 12.99, 'modifiers': ['No Croutons']}, {'name': 'Fresh Orange Juice', 'quantity': 2, 'base_price': 5.99, 'item_total_price': 11.98, 'modifiers': ['Small']}]","[{'name': 'Margherita Pizza', 'quantity': 1, 'modifiers': ['Large 18""', 'Gluten Free']}, {'name': 'Caesar Salad', 'quantity': 1, 'modifiers': ['No Croutons']}, {'name': 'Fresh Orange Juice', 'quantity': 2, 'modifiers': ['Small']}]",yes,does_not_explore_menu,casual,all_at_once,False
chat_with_guest_simulation_llm_messages_log_Amanda-Foster_test_case_number_21,1,86ef4aa6-9d6e-41ae-9272-48975a427e15,2025-08-30T05:29:55.380822+00:00,agent,[],"[{'name': 'Margherita Pizza', 'quantity': 2, 'modifiers': ['Large 18""']}, {'name': 'Caesar Salad', 'quantity': 3, 'modifiers': []}]",no,does_not_explore_menu,casual,all_at_once,False
chat_with_guest_simulation_llm_messages_log_Amanda-Foster_test_case_number_21,3,6381a246-0b06-46c1-b413-125683defc99,2025-08-30T05:29:58.224098+00:00,agent,[],"[{'name': 'Margherita Pizza', 'quantity': 2, 'modifiers': ['Large 18""']}, {'name': 'Caesar Salad', 'quantity': 3, 'modifiers': []}]",no,does_not_explore_menu,casual,all_at_once,False
chat_with_guest_simulation_llm_messages_log_Amanda-Foster_test_case_number_21,5,c3da82fa-a695-4585-86b7-89cbd0eaab94,2025-08-30T05:30:01.426050+00:00,agent,[],"[{'name': 'Margherita Pizza', 'quantity': 2, 'modifiers': ['Large 18""']}, {'name': 'Caesar Salad', 'quantity': 3, 'modifiers': []}]",yes,does_not_explore_menu,confused,all_at_once,False
chat_with_guest_simulation_llm_messages_log_Amanda-Foster_test_case_number_21,7,c25fcce7-187e-4903-957e-34858d1a8d51,2025-08-30T05:30:04.149883+00:00,agent,[],"[{'name': 'Margherita Pizza', 'quantity': 2, 'modifiers': ['Large 18""']}, {'name': 'Caesar Salad', 'quantity': 3, 'modifiers': []}]",yes,does_not_explore_menu,confused,all_at_once,False
chat_with_guest_simulation_llm_messages_log_Amanda-Foster_test_case_number_21,9,2d26d0b5-231e-46c7-ada7-4426a5608a25,2025-08-30T05:30:08.223478+00:00,agent,[],"[{'name': 'Margherita Pizza', 'quantity': 2, 'modifiers': ['Large 18""']}, {'name': 'Caesar Salad', 'quantity': 3, 'modifiers': []}]",no,does_not_explore_menu,confused,all_at_once,False
chat_with_guest_simulation_llm_messages_log_Amanda-Foster_test_case_number_21,11,4d0aa066-7d34-4f3b-bbca-2ee550391249,2025-08-30T05:30:12.788930+00:00,agent,[],"[{'name': 'Margherita Pizza', 'quantity': 2, 'modifiers': ['Large 18""']}, {'name': 'Caesar Salad', 'quantity': 3, 'modifiers': []}]",no,does_not_explore_menu,frustrated,all_at_once,False
chat_with_guest_simulation_llm_messages_log_Amanda-Foster_test_case_number_21,13,e8982cab-76b5-4dd7-9722-962f30cb3ae4,2025-08-30T05:30:17.506122+00:00,agent,[],"[{'name': 'Margherita Pizza', 'quantity': 2, 'modifiers': ['Large 18""']}, {'name': 'Caesar Salad', 'quantity': 3, 'modifiers': []}]",no,does_not_explore_menu,confused,all_at_once,False
chat_with_guest_simulation_llm_messages_log_Amanda-Foster_test_case_number_21,15,2a9a342c-4ddd-48ed-9947-5503034579b5,2025-08-30T05:30:23.058215+00:00,agent,[],"[{'name': 'Margherita Pizza', 'quantity': 2, 'modifiers': ['Large 18""']}, {'name': 'Caesar Salad', 'quantity': 3, 'modifiers': []}]",no,does_not_explore_menu,confused,all_at_once,False
chat_with_guest_simulation_llm_messages_log_Amanda-Foster_test_case_number_21,17,e9b26bd8-788a-4155-8504-3dbd13f260f2,2025-08-30T05:30:28.508073+00:00,agent,"[{'name': 'Large Margherita Pizza', 'quantity': 2, 'base_price': 16.99, 'item_total_price': 33.98, 'modifiers': []}, {'name': 'Caesar Salad', 'quantity': 3, 'base_price': 12.99, 'item_total_price': 38.97, 'modifiers': []}]","[{'name': 'Margherita Pizza', 'quantity': 2, 'modifiers': ['Large 18""']}, {'name': 'Caesar Salad', 'quantity': 3, 'modifiers': []}]",no,does_not_explore_menu,confused,all_at_once,False
chat_with_guest_simulation_llm_messages_log_Barbara-Nelson_test_case_number_49,1,b1c17343-a64b-45aa-998c-ee578adcbec1,2025-08-30T05:36:02.409943+00:00,agent,[],"[{'name': 'Caesar Salad', 'quantity': 1, 'modifiers': ['Salmon', 'Dressing on Side', 'No Croutons']}, {'name': 'Vegetable Stir Fry', 'quantity': 1, 'modifiers': ['Tofu', 'Brown Rice', 'Mild']}, {'name': 'Portobello Mushroom Burger', 'quantity': 1, 'modifiers': ['Vegan Cheese', 'Side Salad']}]",no,does_not_explore_menu,casual,all_at_once,False
chat_with_guest_simulation_llm_messages_log_Barbara-Nelson_test_case_number_49,3,565a2bf3-ea10-4b20-a67b-f37aa76b6100,2025-08-30T05:36:06.293513+00:00,agent,[],"[{'name': 'Caesar Salad', 'quantity': 1, 'modifiers': ['Salmon', 'Dressing on Side', 'No Croutons']}, {'name': 'Vegetable Stir Fry', 'quantity': 1, 'modifiers': ['Tofu', 'Brown Rice', 'Mild']}, {'name': 'Portobello Mushroom Burger', 'quantity': 1, 'modifiers': ['Vegan Cheese', 'Side Salad']}]",yes,does_not_explore_menu,casual,all_at_once,False
chat_with_guest_simulation_llm_messages_log_Barbara-Nelson_test_case_number_49,5,63f39545-bdf9-468a-b8a6-bd4469b923c0,2025-08-30T05:36:10.525235+00:00,agent,[],"[{'name': 'Caesar Salad', 'quantity': 1, 'modifiers': ['Salmon', 'Dressing on Side', 'No Croutons']}, {'name': 'Vegetable Stir Fry', 'quantity': 1, 'modifiers': ['Tofu', 'Brown Rice', 'Mild']}, {'name': 'Portobello Mushroom Burger', 'quantity': 1, 'modifiers': ['Vegan Cheese', 'Side Salad']}]",yes,does_not_explore_menu,confused,all_at_once,False
chat_with_guest_simulation_llm_messages_log_Barbara-Nelson_test_case_number_49,7,0758f83d-0bf7-4bf8-9eec-72f48716c524,2025-08-30T05:36:18.476198+00:00,agent,[],"[{'name': 'Caesar Salad', 'quantity': 1, 'modifiers': ['Salmon', 'Dressing on Side', 'No Croutons']}, {'name': 'Vegetable Stir Fry', 'quantity': 1, 'modifiers': ['Tofu', 'Brown Rice', 'Mild']}, {'name': 'Portobello Mushroom Burger', 'quantity': 1, 'modifiers': ['Vegan Cheese', 'Side Salad']}]",no,does_not_explore_menu,casual,all_at_once,False
chat_with_guest_simulation_llm_messages_log_Barbara-Nelson_test_case_number_49,9,39ed208a-bfbb-4db1-af9f-06a6936e47fb,2025-08-30T05:36:22.363913+00:00,agent,"[{'name': 'Caesar Salad with Salmon', 'quantity': 1, 'base_price': 12.99, 'item_total_price': 22.99, 'modifiers': ['Dressing on Side', 'No Croutons', 'Salmon']}, {'name': 'Vegetable Stir Fry with Tofu', 'quantity': 1, 'base_price': 14.99, 'item_total_price': 18.99, 'modifiers': ['Brown Rice', 'Mild']}, {'name': 'Portobello Mushroom Burger', 'quantity': 1, 'base_price': 13.99, 'item_total_price': 16.49, 'modifiers': ['Vegan Cheese', 'Side Salad']}]","[{'name': 'Caesar Salad', 'quantity': 1, 'modifiers': ['Salmon', 'Dressing on Side', 'No Croutons']}, {'name': 'Vegetable Stir Fry', 'quantity': 1, 'modifiers': ['Tofu', 'Brown Rice', 'Mild']}, {'name': 'Portobello Mushroom Burger', 'quantity': 1, 'modifiers': ['Vegan Cheese', 'Side Salad']}]",yes,does_not_explore_menu,casual,all_at_once,False
chat_with_guest_simulation_llm_messages_log_Marcus-James_test_case_number_29,1,9dc8d920-9e23-4ad5-97df-3c102ab6ac61,2025-08-30T05:32:30.321774+00:00,agent,[],"[{'name': 'Atlantic Salmon', 'quantity': 1, 'modifiers': ['Grilled']}, {'name': 'Grilled Chicken Sandwich', 'quantity': 1, 'modifiers': ['Side Salad']}, {'name': 'Fresh Orange Juice', 'quantity': 1, 'modifiers': ['Large']}]",no,does_not_explore_menu,casual,all_at_once,False
chat_with_guest_simulation_llm_messages_log_Marcus-James_test_case_number_29,3,1404434c-4f54-45a7-ba8d-167384995a8d,2025-08-30T05:32:32.757840+00:00,agent,[],"[{'name': 'Atlantic Salmon', 'quantity': 1, 'modifiers': ['Grilled']}, {'name': 'Grilled Chicken Sandwich', 'quantity': 1, 'modifiers': ['Side Salad']}, {'name': 'Fresh Orange Juice', 'quantity': 1, 'modifiers': ['Large']}]",yes,does_not_explore_menu,casual,all_at_once,False
chat_with_guest_simulation_llm_messages_log_Marcus-James_test_case_number_29,5,5ddde899-2b82-40bd-bb6c-a66ec89c7d04,2025-08-30T05:32:35.542278+00:00,agent,"[{'name': 'Atlantic Salmon, grilled', 'quantity': 1, 'base_price': 26.99, 'item_total_price': 26.99, 'modifiers': []}, {'name': 'Grilled Chicken Sandwich with a side salad', 'quantity': 1, 'base_price': 14.99, 'item_total_price': 14.99, 'modifiers': []}, {'name': 'Large Fresh Orange Juice', 'quantity': 1, 'base_price': 5.99, 'item_total_price': 5.99, 'modifiers': []}]","[{'name': 'Atlantic Salmon', 'quantity': 1, 'modifiers': ['Grilled']}, {'name': 'Grilled Chicken Sandwich', 'quantity': 1, 'modifiers': ['Side Salad']}, {'name': 'Fresh Orange Juice', 'quantity': 1, 'modifiers': ['Large']}]",yes,does_not_explore_menu,casual,all_at_once,False
chat_with_guest_simulation_llm_messages_log_David-Thompson_test_case_number_11,1,d3f51686-fe0a-41ac-b98b-0e266d593d51,2025-08-30T05:27:21.760232+00:00,agent,[],"[{'name': 'Kids Mac and Cheese', 'quantity': 1, 'modifiers': ['Applesauce', 'Chocolate Milk']}, {'name': 'Kids Chicken Tenders', 'quantity': 1, 'modifiers': ['Honey Mustard', 'Carrot Sticks', 'Milk']}, {'name': 'Fish and Chips', 'quantity': 1, 'modifiers': ['Halibut']}, {'name': 'Portobello Mushroom Burger', 'quantity': 1, 'modifiers': ['Vegan Cheese', 'Sweet Potato Fries']}]",no,does_not_explore_menu,casual,one_by_one,False
chat_with_guest_simulation_llm_messages_log_David-Thompson_test_case_number_11,3,a95b04f1-1ec1-4503-bafa-d4f61702712c,2025-08-30T05:27:24.338600+00:00,agent,[],"[{'name': 'Kids Mac and Cheese', 'quantity': 1, 'modifiers': ['Applesauce', 'Chocolate Milk']}, {'name': 'Kids Chicken Tenders', 'quantity': 1, 'modifiers': ['Honey Mustard', 'Carrot Sticks', 'Milk']}, {'name': 'Fish and Chips', 'quantity': 1, 'modifiers': ['Halibut']}, {'name': 'Portobello Mushroom Burger', 'quantity': 1, 'modifiers': ['Vegan Cheese', 'Sweet Potato Fries']}]",no,does_not_explore_menu,casual,one_by_one,False
chat_with_guest_simulation_llm_messages_log_David-Thompson_test_case_number_11,5,20ac4a89-aa8b-402a-99e4-869f1e9fbe14,2025-08-30T05:27:26.761851+00:00,agent,[],"[{'name': 'Kids Mac and Cheese', 'quantity': 1, 'modifiers': ['Applesauce', 'Chocolate Milk']}, {'name': 'Kids Chicken Tenders', 'quantity': 1, 'modifiers': ['Honey Mustard', 'Carrot Sticks', 'Milk']}, {'name': 'Fish and Chips', 'quantity': 1, 'modifiers': ['Halibut']}, {'name': 'Portobello Mushroom Burger', 'quantity': 1, 'modifiers': ['Vegan Cheese', 'Sweet Potato Fries']}]",no,does_not_explore_menu,casual,one_by_one,False
chat_with_guest_simulation_llm_messages_log_David-Thompson_test_case_number_11,7,4b2352a0-f5bd-4748-b628-4d54dc3a5972,2025-08-30T05:27:29.233997+00:00,agent,[],"[{'name': 'Kids Mac and Cheese', 'quantity': 1, 'modifiers': ['Applesauce', 'Chocolate Milk']}, {'name': 'Kids Chicken Tenders', 'quantity': 1, 'modifiers': ['Honey Mustard', 'Carrot Sticks', 'Milk']}, {'name': 'Fish and Chips', 'quantity': 1, 'modifiers': ['Halibut']}, {'name': 'Portobello Mushroom Burger', 'quantity': 1, 'modifiers': ['Vegan Cheese', 'Sweet Potato Fries']}]",no,does_not_explore_menu,casual,one_by_one,False
chat_with_guest_simulation_llm_messages_log_David-Thompson_test_case_number_11,9,fd77f1f6-9d85-4977-abd9-2da4b36ba73a,2025-08-30T05:27:32.559479+00:00,agent,[],"[{'name': 'Kids Mac and Cheese', 'quantity': 1, 'modifiers': ['Applesauce', 'Chocolate Milk']}, {'name': 'Kids Chicken Tenders', 'quantity': 1, 'modifiers': ['Honey Mustard', 'Carrot Sticks', 'Milk']}, {'name': 'Fish and Chips', 'quantity': 1, 'modifiers': ['Halibut']}, {'name': 'Portobello Mushroom Burger', 'quantity': 1, 'modifiers': ['Vegan Cheese', 'Sweet Potato Fries']}]",yes,does_not_explore_menu,casual,all_at_once,False
chat_with_guest_simulation_llm_messages_log_David-Thompson_test_case_number_11,11,3f455410-8ea2-4e9f-b7d4-6bcee2fd2714,2025-08-30T05:27:35.380497+00:00,agent,"[{'name': 'Kids Mac and Cheese', 'quantity': 1, 'base_price': 7.99, 'item_total_price': 7.99, 'modifiers': ['applesauce', 'chocolate milk']}, {'name': 'Kids Chicken Tenders', 'quantity': 1, 'base_price': 8.99, 'item_total_price': 8.99, 'modifiers': ['honey mustard', 'carrot sticks', 'milk']}, {'name': 'Fish and Chips', 'quantity': 1, 'base_price': 18.99, 'item_total_price': 18.99, 'modifiers': ['halibut']}, {'name': 'Portobello Mushroom Burger', 'quantity': 1, 'base_price': 13.99, 'item_total_price': 15.99, 'modifiers': ['vegan cheese', 'sweet potato fries']}]","[{'name': 'Kids Mac and Cheese', 'quantity': 1, 'modifiers': ['Applesauce', 'Chocolate Milk']}, {'name': 'Kids Chicken Tenders', 'quantity': 1, 'modifiers': ['Honey Mustard', 'Carrot Sticks', 'Milk']}, {'name': 'Fish and Chips', 'quantity': 1, 'modifiers': ['Halibut']}, {'name': 'Portobello Mushroom Burger', 'quantity': 1, 'modifiers': ['Vegan Cheese', 'Sweet Potato Fries']}]",yes,does_not_explore_menu,casual,all_at_once,False
chat_with_guest_simulation_llm_messages_log_Sarah-Johnson_test_case_number_2,1,5519bd3b-b83f-4d0f-9613-693ed102b552,2025-08-30T05:25:29.954124+00:00,agent,[],"[{'name': 'Caesar Salad', 'quantity': 1, 'modifiers': ['Grilled Chicken']}]",no,does_not_explore_menu,casual,all_at_once,False
chat_with_guest_simulation_llm_messages_log_Sarah-Johnson_test_case_number_2,3,1d410930-46c1-47c5-9b50-7653369f47c5,2025-08-30T05:25:32.084106+00:00,agent,[],"[{'name': 'Caesar Salad', 'quantity': 1, 'modifiers': ['Grilled Chicken']}]",no,does_not_explore_menu,casual,all_at_once,False
chat_with_guest_simulation_llm_messages_log_Sarah-Johnson_test_case_number_2,5,6fa0b5d3-e9f3-47d6-94d1-4d241ee7ee64,2025-08-30T05:25:34.437038+00:00,agent,"[{'name': 'Caesar Salad with Grilled Chicken', 'quantity': 1, 'base_price': 12.99, 'item_total_price': 18.99, 'modifiers': [{'name': 'dressing', 'type': 'mixed in'}, {'name': 'croutons', 'type': 'included'}]}]","[{'name': 'Caesar Salad', 'quantity': 1, 'modifiers': ['Grilled Chicken']}]",yes,does_not_explore_menu,casual,all_at_once,False
chat_with_guest_simulation_llm_messages_log_David-Thompson_test_case_number_10,1,6103d8b2-097b-4be7-b07e-7ec8d3cd7b3f,2025-08-30T05:27:03.081418+00:00,agent,[],"[{'name': 'Kids Chicken Tenders', 'quantity': 2, 'modifiers': ['Ketchup', 'Apple Slices', 'Apple Juice']}, {'name': 'Classic Burger', 'quantity': 1, 'modifiers': ['Medium Well', 'Cheddar', 'Gluten Free', 'Side Salad']}, {'name': 'Grilled Chicken Sandwich', 'quantity': 1, 'modifiers': ['Avocado', 'Fruit Cup']}]",no,does_not_explore_menu,casual,all_at_once,False
chat_with_guest_simulation_llm_messages_log_David-Thompson_test_case_number_10,3,bac9188e-20c6-4991-91f1-5783eb82c5aa,2025-08-30T05:27:06.625645+00:00,agent,[],"[{'name': 'Kids Chicken Tenders', 'quantity': 2, 'modifiers': ['Ketchup', 'Apple Slices', 'Apple Juice']}, {'name': 'Classic Burger', 'quantity': 1, 'modifiers': ['Medium Well', 'Cheddar', 'Gluten Free', 'Side Salad']}, {'name': 'Grilled Chicken Sandwich', 'quantity': 1, 'modifiers': ['Avocado', 'Fruit Cup']}]",yes,does_not_explore_menu,casual,all_at_once,False
chat_with_guest_simulation_llm_messages_log_David-Thompson_test_case_number_10,5,f72112ca-2921-4267-956f-45d2c4f68f1b,2025-08-30T05:27:13.900849+00:00,agent,[],"[{'name': 'Kids Chicken Tenders', 'quantity': 2, 'modifiers': ['Ketchup', 'Apple Slices', 'Apple Juice']}, {'name': 'Classic Burger', 'quantity': 1, 'modifiers': ['Medium Well', 'Cheddar', 'Gluten Free', 'Side Salad']}, {'name': 'Grilled Chicken Sandwich', 'quantity': 1, 'modifiers': ['Avocado', 'Fruit Cup']}]",yes,does_not_explore_menu,confused,all_at_once,False
chat_with_guest_simulation_llm_messages_log_David-Thompson_test_case_number_10,7,ba11e442-eecd-4603-a9b6-ec0aeb9c71cd,2025-08-30T05:27:17.193876+00:00,agent,"[{'name': 'Kids Chicken Tenders', 'quantity': 2, 'base_price': 8.99, 'item_total_price': 17.98, 'modifiers': [{'name': 'Sauce', 'option': 'Ketchup'}, {'name': 'Side', 'option': 'Apple Slices'}, {'name': 'Drink', 'option': 'Apple Juice'}]}, {'name': 'Classic Burger', 'quantity': 1, 'base_price': 15.99, 'item_total_price': 19.49, 'modifiers': [{'name': 'Temperature', 'option': 'Medium Well'}, {'name': 'Cheese', 'option': 'Cheddar'}, {'name': 'Bun', 'option': 'Gluten-Free'}, {'name': 'Side', 'option': 'Side Salad'}]}, {'name': 'Grilled Chicken Sandwich', 'quantity': 1, 'base_price': 14.99, 'item_total_price': 19.49, 'modifiers': [{'name': 'Side', 'option': 'Fruit Cup'}]}]","[{'name': 'Kids Chicken Tenders', 'quantity': 2, 'modifiers': ['Ketchup', 'Apple Slices', 'Apple Juice']}, {'name': 'Classic Burger', 'quantity': 1, 'modifiers': ['Medium Well', 'Cheddar', 'Gluten Free', 'Side Salad']}, {'name': 'Grilled Chicken Sandwich', 'quantity': 1, 'modifiers': ['Avocado', 'Fruit Cup']}]",yes,does_not_explore_menu,casual,all_at_once,False
chat_with_guest_simulation_llm_messages_log_Sarah-Johnson_test_case_number_3,1,6555d8dc-f6ec-4c29-9357-6a14d95fde36,2025-08-30T05:25:38.151809+00:00,agent,[],"[{'name': 'Club Sandwich', 'quantity': 1, 'modifiers': ['White', 'Potato Chips']}]",no,does_not_explore_menu,casual,all_at_once,False
chat_with_guest_simulation_llm_messages_log_Sarah-Johnson_test_case_number_3,3,4ecc409b-08f5-4236-bf5e-c2d8ef8bcf42,2025-08-30T05:25:40.508855+00:00,agent,"[{'name': 'Club Sandwich', 'quantity': 1, 'base_price': 15.99, 'item_total_price': 15.99, 'modifiers': [{'name': 'White Bread'}, {'name': 'Potato Chips'}]}]","[{'name': 'Club Sandwich', 'quantity': 1, 'modifiers': ['White', 'Potato Chips']}]",no,does_not_explore_menu,casual,all_at_once,False
chat_with_guest_simulation_llm_messages_log_Marcus-James_test_case_number_28,1,a7311ae0-3b23-4726-88fb-c539db705a06,2025-08-30T05:32:11.888394+00:00,agent,[],"[{'name': 'Ribeye Steak', 'quantity': 1, 'modifiers': ['Medium Rare']}, {'name': 'Caesar Salad', 'quantity': 1, 'modifiers': ['Grilled Chicken', 'No Croutons']}, {'name': 'Cappuccino', 'quantity': 1, 'modifiers': ['Large', 'Skim Milk']}]",no,does_not_explore_menu,casual,all_at_once,False
chat_with_guest_simulation_llm_messages_log_Marcus-James_test_case_number_28,3,a6bd98b5-f60b-43c0-8113-3a04351ef71c,2025-08-30T05:32:14.342622+00:00,agent,[],"[{'name': 'Ribeye Steak', 'quantity': 1, 'modifiers': ['Medium Rare']}, {'name': 'Caesar Salad', 'quantity': 1, 'modifiers': ['Grilled Chicken', 'No Croutons']}, {'name': 'Cappuccino', 'quantity': 1, 'modifiers': ['Large', 'Skim Milk']}]",no,does_not_explore_menu,casual,all_at_once,False
chat_with_guest_simulation_llm_messages_log_Marcus-James_test_case_number_28,5,54a15284-8708-4149-8673-fc5943ccc1a6,2025-08-30T05:32:16.600729+00:00,agent,[],"[{'name': 'Ribeye Steak', 'quantity': 1, 'modifiers': ['Medium Rare']}, {'name': 'Caesar Salad', 'quantity': 1, 'modifiers': ['Grilled Chicken', 'No Croutons']}, {'name': 'Cappuccino', 'quantity': 1, 'modifiers': ['Large', 'Skim Milk']}]",no,does_not_explore_menu,casual,all_at_once,False
chat_with_guest_simulation_llm_messages_log_Marcus-James_test_case_number_28,7,a0e282d3-4702-4ec6-87a9-fb4b1b347f73,2025-08-30T05:32:18.747361+00:00,agent,[],"[{'name': 'Ribeye Steak', 'quantity': 1, 'modifiers': ['Medium Rare']}, {'name': 'Caesar Salad', 'quantity': 1, 'modifiers': ['Grilled Chicken', 'No Croutons']}, {'name': 'Cappuccino', 'quantity': 1, 'modifiers': ['Large', 'Skim Milk']}]",yes,does_not_explore_menu,casual,all_at_once,False
chat_with_guest_simulation_llm_messages_log_Marcus-James_test_case_number_28,9,f19c7aa5-2fb6-41dc-9b3b-269ae5c2f809,2025-08-30T05:32:22.229245+00:00,agent,[],"[{'name': 'Ribeye Steak', 'quantity': 1, 'modifiers': ['Medium Rare']}, {'name': 'Caesar Salad', 'quantity': 1, 'modifiers': ['Grilled Chicken', 'No Croutons']}, {'name': 'Cappuccino', 'quantity': 1, 'modifiers': ['Large', 'Skim Milk']}]",yes,does_not_explore_menu,casual,one_by_one,False
chat_with_guest_simulation_llm_messages_log_Marcus-James_test_case_number_28,11,f8c8c13b-7ade-4252-be49-2fdfd60fc746,2025-08-30T05:32:25.197032+00:00,agent,"[{'name': 'Ribeye Steak', 'quantity': 1, 'base_price': 42.99, 'item_total_price': 42.99, 'modifiers': ['Medium Rare', 'No Sauce']}, {'name': 'Caesar Salad', 'quantity': 1, 'base_price': 12.99, 'item_total_price': 18.99, 'modifiers': ['Grilled Chicken', 'No Croutons', 'No Dressing on the Side']}, {'name': 'Cappuccino', 'quantity': 1, 'base_price': 6.99, 'item_total_price': 6.99, 'modifiers': ['Large', 'Skim Milk']}]","[{'name': 'Ribeye Steak', 'quantity': 1, 'modifiers': ['Medium Rare']}, {'name': 'Caesar Salad', 'quantity': 1, 'modifiers': ['Grilled Chicken', 'No Croutons']}, {'name': 'Cappuccino', 'quantity': 1, 'modifiers': ['Large', 'Skim Milk']}]",yes,does_not_explore_menu,casual,all_at_once,False
chat_with_guest_simulation_llm_messages_log_Sofia-Russo_test_case_number_45,1,7e8df53f-f2bf-4948-be3a-1e1543a2fc6a,2025-08-30T05:35:27.583368+00:00,agent,[],"[{'name': 'Spaghetti Carbonara', 'quantity': 1, 'modifiers': ['Extra Parmesan']}, {'name': 'Spinach Artichoke Dip', 'quantity': 1, 'modifiers': []}]",no,does_not_explore_menu,casual,all_at_once,False
chat_with_guest_simulation_llm_messages_log_Sofia-Russo_test_case_number_45,3,cc2c13e3-2b22-4116-9d91-eba826787272,2025-08-30T05:35:29.784923+00:00,agent,[],"[{'name': 'Spaghetti Carbonara', 'quantity': 1, 'modifiers': ['Extra Parmesan']}, {'name': 'Spinach Artichoke Dip', 'quantity': 1, 'modifiers': []}]",yes,does_not_explore_menu,casual,all_at_once,False
chat_with_guest_simulation_llm_messages_log_Sofia-Russo_test_case_number_45,5,c8f97133-5d49-4e0e-b781-983167291c5a,2025-08-30T05:35:31.796138+00:00,agent,"[{'name': 'Spaghetti Carbonara', 'quantity': 1, 'base_price': 18.99, 'item_total_price': 20.99, 'modifiers': ['extra Parmesan']}, {'name': 'Spinach Artichoke Dip', 'quantity': 1, 'base_price': 11.99, 'item_total_price': 11.99, 'modifiers': []}]","[{'name': 'Spaghetti Carbonara', 'quantity': 1, 'modifiers': ['Extra Parmesan']}, {'name': 'Spinach Artichoke Dip', 'quantity': 1, 'modifiers': []}]",yes,does_not_explore_menu,casual,all_at_once,False
chat_with_guest_simulation_llm_messages_log_Sofia-Russo_test_case_number_44,1,2f7b01c4-cb19-4eb4-98d1-b6aa7e6f188d,2025-08-30T05:35:19.264762+00:00,agent,[],"[{'name': 'Atlantic Salmon', 'quantity': 1, 'modifiers': []}, {'name': 'Caesar Salad', 'quantity': 1, 'modifiers': ['Dressing on Side']}]",no,does_not_explore_menu,casual,all_at_once,False
chat_with_guest_simulation_llm_messages_log_Sofia-Russo_test_case_number_44,3,74d444c8-d27e-4280-a5dc-e2c23ffad1c5,2025-08-30T05:35:21.436143+00:00,agent,[],"[{'name': 'Atlantic Salmon', 'quantity': 1, 'modifiers': []}, {'name': 'Caesar Salad', 'quantity': 1, 'modifiers': ['Dressing on Side']}]",yes,does_not_explore_menu,casual,all_at_once,False
chat_with_guest_simulation_llm_messages_log_Sofia-Russo_test_case_number_44,5,07e99ac1-10d6-4fca-9021-c40f37dcb155,2025-08-30T05:35:23.794734+00:00,agent,"[{'name': 'Atlantic Salmon', 'quantity': 1, 'base_price': 26.99, 'item_total_price': 26.99, 'modifiers': []}, {'name': 'Caesar Salad', 'quantity': 1, 'base_price': 12.99, 'item_total_price': 12.99, 'modifiers': ['dressing on the side']}]","[{'name': 'Atlantic Salmon', 'quantity': 1, 'modifiers': []}, {'name': 'Caesar Salad', 'quantity': 1, 'modifiers': ['Dressing on Side']}]",yes,does_not_explore_menu,casual,all_at_once,False
chat_with_guest_simulation_llm_messages_log_Miguel-Rodriguez_test_case_number_7,1,88c1e9bc-c402-498b-b7e0-2f1830f4672c,2025-08-30T05:26:15.526296+00:00,agent,[],"[{'name': 'Ribeye Steak', 'quantity': 1, 'modifiers': ['Medium Rare', 'Chimichurri', 'Truffle Mac and Cheese']}, {'name': 'Spinach Artichoke Dip', 'quantity': 1, 'modifiers': ['Pita Bread', 'Extra Chips']}, {'name': 'House Red Wine', 'quantity': 1, 'modifiers': ['9oz Glass']}]",no,does_not_explore_menu,casual,all_at_once,False
chat_with_guest_simulation_llm_messages_log_Miguel-Rodriguez_test_case_number_7,3,842cf9f2-941a-4d1c-b7c7-b9dba59ee319,2025-08-30T05:26:20.954493+00:00,agent,"[{'name': 'Ribeye Steak', 'quantity': 1, 'base_price': 42.99, 'item_total_price': 51.99, 'modifiers': [{'name': 'Medium Rare', 'price': 0.0}, {'name': 'Chimichurri', 'price': 3.0}, {'name': 'Truffle Mac and Cheese', 'price': 6.0}]}, {'name': 'Spinach Artichoke Dip', 'quantity': 1, 'base_price': 11.99, 'item_total_price': 13.99, 'modifiers': [{'name': 'Pita Bread', 'price': 2.0}]}, {'name': 'House Red Wine', 'quantity': 1, 'base_price': 4.0, 'item_total_price': 4.0, 'modifiers': [{'name': '9oz Glass', 'price': 0.0}]}]","[{'name': 'Ribeye Steak', 'quantity': 1, 'modifiers': ['Medium Rare', 'Chimichurri', 'Truffle Mac and Cheese']}, {'name': 'Spinach Artichoke Dip', 'quantity': 1, 'modifiers': ['Pita Bread', 'Extra Chips']}, {'name': 'House Red Wine', 'quantity': 1, 'modifiers': ['9oz Glass']}]",no,does_not_explore_menu,casual,all_at_once,False
chat_with_guest_simulation_llm_messages_log_Amanda-Foster_test_case_number_19,1,2316d72d-a97a-40b7-965d-491efdadc2af,2025-08-30T05:29:14.900502+00:00,agent,[],"[{'name': 'Classic Burger', 'quantity': 3, 'modifiers': ['Medium', 'French Fries']}, {'name': 'Caesar Salad', 'quantity': 2, 'modifiers': ['Grilled Chicken']}]",no,does_not_explore_menu,casual,all_at_once,False
chat_with_guest_simulation_llm_messages_log_Amanda-Foster_test_case_number_19,3,3a068348-2114-44e2-8431-a609b6a3a2ab,2025-08-30T05:29:21.566379+00:00,agent,"[{'name': 'Classic Burger', 'quantity': 3, 'base_price': 15.99, 'item_total_price': 47.97, 'modifiers': [{'name': 'Cooked', 'option': 'Medium'}, {'name': 'Side', 'option': 'French Fries'}]}, {'name': 'Caesar Salad', 'quantity': 2, 'base_price': 12.99, 'item_total_price': 25.98, 'modifiers': [{'name': 'Add-on', 'option': 'Grilled Chicken'}]}]","[{'name': 'Classic Burger', 'quantity': 3, 'modifiers': ['Medium', 'French Fries']}, {'name': 'Caesar Salad', 'quantity': 2, 'modifiers': ['Grilled Chicken']}]",yes,does_not_explore_menu,casual,all_at_once,False
chat_with_guest_simulation_llm_messages_log_Priya-Patel_test_case_number_33,1,1ec13f11-6b1d-41fa-ac84-f4b331d5ac0c,2025-08-30T05:33:20.880771+00:00,agent,[],"[{'name': 'Grilled Chicken Sandwich', 'quantity': 2, 'modifiers': ['Fruit Cup']}, {'name': 'Fettuccine Alfredo', 'quantity': 2, 'modifiers': []}]",no,does_not_explore_menu,casual,all_at_once,False
chat_with_guest_simulation_llm_messages_log_Priya-Patel_test_case_number_33,3,8bf66e52-dd97-48be-8ba0-8774cd4bdbcd,2025-08-30T05:33:23.773649+00:00,agent,[],"[{'name': 'Grilled Chicken Sandwich', 'quantity': 2, 'modifiers': ['Fruit Cup']}, {'name': 'Fettuccine Alfredo', 'quantity': 2, 'modifiers': []}]",no,does_not_explore_menu,casual,all_at_once,False
chat_with_guest_simulation_llm_messages_log_Priya-Patel_test_case_number_33,5,816aa7ed-8196-446f-8709-95f9674bb588,2025-08-30T05:33:29.716666+00:00,agent,[],"[{'name': 'Grilled Chicken Sandwich', 'quantity': 2, 'modifiers': ['Fruit Cup']}, {'name': 'Fettuccine Alfredo', 'quantity': 2, 'modifiers': []}]",yes,does_not_explore_menu,casual,all_at_once,False
chat_with_guest_simulation_llm_messages_log_Priya-Patel_test_case_number_33,7,55ab2d81-01f1-4f68-9b51-d10b0e88d291,2025-08-30T05:33:31.964131+00:00,agent,"[{'name': 'Grilled Chicken Sandwich', 'quantity': 2, 'base_price': 14.99, 'item_total_price': 29.98, 'modifiers': ['Fruit Cup']}, {'name': 'Fettuccine Alfredo', 'quantity': 2, 'base_price': 16.99, 'item_total_price': 33.98, 'modifiers': []}]","[{'name': 'Grilled Chicken Sandwich', 'quantity': 2, 'modifiers': ['Fruit Cup']}, {'name': 'Fettuccine Alfredo', 'quantity': 2, 'modifiers': []}]",yes,does_not_explore_menu,casual,all_at_once,False
chat_with_guest_simulation_llm_messages_log_Frank-Morrison_test_case_number_59,1,30248708-42ae-4727-af73-b1da69aca929,2025-08-30T05:38:02.110445+00:00,agent,[],"[{'name': 'Margherita Pizza', 'quantity': 1, 'modifiers': ['Medium 14""']}, {'name': 'Spaghetti Carbonara', 'quantity': 1, 'modifiers': []}, {'name': 'Apple Pie', 'quantity': 2, 'modifiers': [' la mode']}]",no,does_not_explore_menu,casual,all_at_once,False
chat_with_guest_simulation_llm_messages_log_Frank-Morrison_test_case_number_59,3,e0902259-ad35-43f6-840f-58a54760c24a,2025-08-30T05:38:05.021683+00:00,agent,[],"[{'name': 'Margherita Pizza', 'quantity': 1, 'modifiers': ['Medium 14""']}, {'name': 'Spaghetti Carbonara', 'quantity': 1, 'modifiers': []}, {'name': 'Apple Pie', 'quantity': 2, 'modifiers': [' la mode']}]",no,does_not_explore_menu,casual,all_at_once,False
chat_with_guest_simulation_llm_messages_log_Frank-Morrison_test_case_number_59,5,bf28b741-1037-45ff-866c-515176cdb874,2025-08-30T05:38:09.271630+00:00,agent,"[{'name': 'Margherita Pizza', 'quantity': 1, 'base_price': 16.99, 'item_total_price': 20.99, 'modifiers': ['medium', 'regular crust']}, {'name': 'Spaghetti Carbonara', 'quantity': 1, 'base_price': 18.99, 'item_total_price': 18.99, 'modifiers': []}, {'name': 'Apple Pie  la mode', 'quantity': 2, 'base_price': 6.99, 'item_total_price': 19.98, 'modifiers': [' la mode']}]","[{'name': 'Margherita Pizza', 'quantity': 1, 'modifiers': ['Medium 14""']}, {'name': 'Spaghetti Carbonara', 'quantity': 1, 'modifiers': []}, {'name': 'Apple Pie', 'quantity': 2, 'modifiers': [' la mode']}]",yes,does_not_explore_menu,casual,all_at_once,False
chat_with_guest_simulation_llm_messages_log_Diana-Walsh_test_case_number_55,1,6d9a169c-6c2b-4cd5-85d2-8713c557560e,2025-08-30T05:37:25.615706+00:00,agent,[],"[{'name': 'Grilled Chicken Sandwich', 'quantity': 1, 'modifiers': ['French Fries']}, {'name': 'Coca-Cola', 'quantity': 1, 'modifiers': ['Medium']}]",no,does_not_explore_menu,casual,all_at_once,False
chat_with_guest_simulation_llm_messages_log_Diana-Walsh_test_case_number_55,3,709478b7-e513-4be7-bf3a-83761b1cd807,2025-08-30T05:37:27.613527+00:00,agent,[],"[{'name': 'Grilled Chicken Sandwich', 'quantity': 1, 'modifiers': ['French Fries']}, {'name': 'Coca-Cola', 'quantity': 1, 'modifiers': ['Medium']}]",no,does_not_explore_menu,casual,all_at_once,False
chat_with_guest_simulation_llm_messages_log_Diana-Walsh_test_case_number_55,5,84cad29c-0ab7-44c9-a2a7-0e48cee63539,2025-08-30T05:37:29.847434+00:00,agent,"[{'name': 'Grilled Chicken Sandwich with French Fries', 'quantity': 1, 'base_price': 14.99, 'item_total_price': 14.99, 'modifiers': []}, {'name': 'Medium Coca-Cola', 'quantity': 1, 'base_price': 4.99, 'item_total_price': 4.99, 'modifiers': []}]","[{'name': 'Grilled Chicken Sandwich', 'quantity': 1, 'modifiers': ['French Fries']}, {'name': 'Coca-Cola', 'quantity': 1, 'modifiers': ['Medium']}]",yes,does_not_explore_menu,casual,all_at_once,False
chat_with_guest_simulation_llm_messages_log_Frank-Morrison_test_case_number_58,1,adf66a15-eb5c-4c7e-a2a6-6da4f25e6ff4,2025-08-30T05:37:51.373830+00:00,agent,[],"[{'name': 'Kids Chicken Tenders', 'quantity': 2, 'modifiers': ['BBQ Sauce', 'Apple Slices', 'Milk']}, {'name': 'Kids Mac and Cheese', 'quantity': 1, 'modifiers': ['Bacon Bits', 'Fruit Cup', 'Apple Juice']}, {'name': 'Fish and Chips', 'quantity': 1, 'modifiers': []}]",no,does_not_explore_menu,casual,all_at_once,False
chat_with_guest_simulation_llm_messages_log_Frank-Morrison_test_case_number_58,3,f5c3f4dc-2a70-4e5a-9f9d-853286316136,2025-08-30T05:37:54.884159+00:00,agent,[],"[{'name': 'Kids Chicken Tenders', 'quantity': 2, 'modifiers': ['BBQ Sauce', 'Apple Slices', 'Milk']}, {'name': 'Kids Mac and Cheese', 'quantity': 1, 'modifiers': ['Bacon Bits', 'Fruit Cup', 'Apple Juice']}, {'name': 'Fish and Chips', 'quantity': 1, 'modifiers': []}]",no,does_not_explore_menu,casual,all_at_once,False
chat_with_guest_simulation_llm_messages_log_Frank-Morrison_test_case_number_58,5,f7459bde-8c3e-4b27-96cb-022865ea2224,2025-08-30T05:37:57.951565+00:00,agent,"[{'name': 'Kids Chicken Tenders', 'quantity': 2, 'base_price': 8.99, 'item_total_price': 17.98, 'modifiers': ['BBQ Sauce', 'Apple Slices']}, {'name': 'Kids Mac and Cheese', 'quantity': 1, 'base_price': 7.99, 'item_total_price': 7.99, 'modifiers': ['Fruit Cup', 'Apple Juice']}, {'name': 'Fish and Chips', 'quantity': 1, 'base_price': 18.99, 'item_total_price': 18.99, 'modifiers': []}]","[{'name': 'Kids Chicken Tenders', 'quantity': 2, 'modifiers': ['BBQ Sauce', 'Apple Slices', 'Milk']}, {'name': 'Kids Mac and Cheese', 'quantity': 1, 'modifiers': ['Bacon Bits', 'Fruit Cup', 'Apple Juice']}, {'name': 'Fish and Chips', 'quantity': 1, 'modifiers': []}]",yes,does_not_explore_menu,casual,all_at_once,False
chat_with_guest_simulation_llm_messages_log_Priya-Patel_test_case_number_32,1,5773817e-4ecf-401d-a4c4-d81b86be80be,2025-08-30T05:33:08.008974+00:00,agent,[],"[{'name': 'Kids Mac and Cheese', 'quantity': 2, 'modifiers': ['Fruit Cup', 'Apple Juice']}, {'name': 'Classic Burger', 'quantity': 2, 'modifiers': ['Well Done', 'American', 'French Fries']}]",no,does_not_explore_menu,casual,all_at_once,False
chat_with_guest_simulation_llm_messages_log_Priya-Patel_test_case_number_32,3,f1dcf1f7-2d7b-4296-9f24-35c16cdde307,2025-08-30T05:33:10.918917+00:00,agent,[],"[{'name': 'Kids Mac and Cheese', 'quantity': 2, 'modifiers': ['Fruit Cup', 'Apple Juice']}, {'name': 'Classic Burger', 'quantity': 2, 'modifiers': ['Well Done', 'American', 'French Fries']}]",yes,does_not_explore_menu,casual,all_at_once,False
chat_with_guest_simulation_llm_messages_log_Priya-Patel_test_case_number_32,5,81d27e81-2317-409f-86b1-ce01497b6b87,2025-08-30T05:33:15.187368+00:00,agent,"[{'name': 'Kids Mac and Cheese', 'quantity': 2, 'base_price': 7.99, 'item_total_price': 15.98, 'modifiers': [{'name': 'Fruit Cup', 'price': 0.0}, {'name': 'Apple Juice', 'price': 0.0}]}, {'name': 'Classic Burger', 'quantity': 2, 'base_price': 15.99, 'item_total_price': 31.98, 'modifiers': [{'name': 'Well Done', 'price': 0.0}, {'name': 'American Cheese', 'price': 1.5}, {'name': 'French Fries', 'price': 0.0}]}]","[{'name': 'Kids Mac and Cheese', 'quantity': 2, 'modifiers': ['Fruit Cup', 'Apple Juice']}, {'name': 'Classic Burger', 'quantity': 2, 'modifiers': ['Well Done', 'American', 'French Fries']}]",yes,does_not_explore_menu,enthusiastic,all_at_once,False
chat_with_guest_simulation_llm_messages_log_Miguel-Rodriguez_test_case_number_8,1,88c7b956-31c6-4f0e-8346-e7a582405fa8,2025-08-30T05:26:26.073764+00:00,agent,[],"[{'name': 'Margherita Pizza', 'quantity': 1, 'modifiers': ['Large 18""', 'Thick Crust', 'Italian Sausage', 'Mushrooms']}, {'name': 'Buffalo Wings', 'quantity': 1, 'modifiers': ['Honey Garlic', 'Blue Cheese', 'Double Order']}, {'name': 'Draft Beer', 'quantity': 1, 'modifiers': ['Pitcher']}]",no,does_not_explore_menu,casual,all_at_once,False
chat_with_guest_simulation_llm_messages_log_Miguel-Rodriguez_test_case_number_8,3,f6945e59-8aea-4a5e-adf0-aad595365d02,2025-08-30T05:26:30.262101+00:00,agent,[],"[{'name': 'Margherita Pizza', 'quantity': 1, 'modifiers': ['Large 18""', 'Thick Crust', 'Italian Sausage', 'Mushrooms']}, {'name': 'Buffalo Wings', 'quantity': 1, 'modifiers': ['Honey Garlic', 'Blue Cheese', 'Double Order']}, {'name': 'Draft Beer', 'quantity': 1, 'modifiers': ['Pitcher']}]",yes,does_not_explore_menu,confused,all_at_once,False
chat_with_guest_simulation_llm_messages_log_Miguel-Rodriguez_test_case_number_8,5,40549be0-c85b-4b54-9375-705026aea45f,2025-08-30T05:26:36.000392+00:00,agent,[],"[{'name': 'Margherita Pizza', 'quantity': 1, 'modifiers': ['Large 18""', 'Thick Crust', 'Italian Sausage', 'Mushrooms']}, {'name': 'Buffalo Wings', 'quantity': 1, 'modifiers': ['Honey Garlic', 'Blue Cheese', 'Double Order']}, {'name': 'Draft Beer', 'quantity': 1, 'modifiers': ['Pitcher']}]",yes,does_not_explore_menu,casual,all_at_once,False
chat_with_guest_simulation_llm_messages_log_Miguel-Rodriguez_test_case_number_8,7,aa109cac-4ba9-49b8-a021-e86421d77956,2025-08-30T05:26:38.666513+00:00,agent,"[{'name': 'Margherita Pizza', 'quantity': 1, 'base_price': 16.99, 'item_total_price': 23.99, 'modifiers': [{'name': 'Large 18""', 'price': 0.0}, {'name': 'Thick Crust', 'price': 2.0}, {'name': 'Italian Sausage', 'price': 2.5}, {'name': 'Mushrooms', 'price': 2.5}]}, {'name': 'Buffalo Wings', 'quantity': 1, 'base_price': 13.99, 'item_total_price': 23.99, 'modifiers': [{'name': 'Honey Garlic', 'price': 0.0}, {'name': 'Double Order', 'price': 10.0}]}, {'name': 'Draft Beer', 'quantity': 1, 'base_price': 12.0, 'item_total_price': 12.0, 'modifiers': [{'name': 'Pitcher', 'price': 0.0}]}]","[{'name': 'Margherita Pizza', 'quantity': 1, 'modifiers': ['Large 18""', 'Thick Crust', 'Italian Sausage', 'Mushrooms']}, {'name': 'Buffalo Wings', 'quantity': 1, 'modifiers': ['Honey Garlic', 'Blue Cheese', 'Double Order']}, {'name': 'Draft Beer', 'quantity': 1, 'modifiers': ['Pitcher']}]",yes,does_not_explore_menu,casual,all_at_once,False
chat_with_guest_simulation_llm_messages_log_Diana-Walsh_test_case_number_57,1,ef5d03fd-b775-4e50-99f7-eee708588edf,2025-08-30T05:37:42.357505+00:00,agent,[],"[{'name': 'Caesar Salad', 'quantity': 1, 'modifiers': ['Grilled Chicken']}, {'name': 'Fresh Orange Juice', 'quantity': 1, 'modifiers': ['Small']}]",no,does_not_explore_menu,casual,all_at_once,False
chat_with_guest_simulation_llm_messages_log_Diana-Walsh_test_case_number_57,3,789e3117-cc81-4de5-913c-fdf08c4a4ebc,2025-08-30T05:37:44.696433+00:00,agent,[],"[{'name': 'Caesar Salad', 'quantity': 1, 'modifiers': ['Grilled Chicken']}, {'name': 'Fresh Orange Juice', 'quantity': 1, 'modifiers': ['Small']}]",yes,does_not_explore_menu,casual,all_at_once,False
chat_with_guest_simulation_llm_messages_log_Diana-Walsh_test_case_number_57,5,7c5d16f8-468a-4cdb-86d8-88f078563a95,2025-08-30T05:37:47.038328+00:00,agent,"[{'name': 'Caesar Salad with Grilled Chicken', 'quantity': 1, 'base_price': 18.99, 'item_total_price': 18.99, 'modifiers': [{'name': 'Signature Caesar Dressing', 'price': 0.0}]}, {'name': 'Fresh Orange Juice', 'quantity': 1, 'base_price': 5.99, 'item_total_price': 5.99, 'modifiers': [{'name': 'Small', 'price': 0.0}, {'name': 'Ice', 'price': 0.0}]}]","[{'name': 'Caesar Salad', 'quantity': 1, 'modifiers': ['Grilled Chicken']}, {'name': 'Fresh Orange Juice', 'quantity': 1, 'modifiers': ['Small']}]",yes,does_not_explore_menu,casual,all_at_once,False
chat_with_guest_simulation_llm_messages_log_Diana-Walsh_test_case_number_56,1,1cbd5607-c12c-4cc4-b651-7df2888d989d,2025-08-30T05:37:33.706884+00:00,agent,[],"[{'name': 'Club Sandwich', 'quantity': 1, 'modifiers': ['White', 'French Fries']}, {'name': 'Cappuccino', 'quantity': 1, 'modifiers': ['Small']}]",no,does_not_explore_menu,casual,all_at_once,False
chat_with_guest_simulation_llm_messages_log_Diana-Walsh_test_case_number_56,3,a3c0fa22-fea8-4cad-a11f-b7f339f8dd8b,2025-08-30T05:37:35.786438+00:00,agent,[],"[{'name': 'Club Sandwich', 'quantity': 1, 'modifiers': ['White', 'French Fries']}, {'name': 'Cappuccino', 'quantity': 1, 'modifiers': ['Small']}]",yes,does_not_explore_menu,casual,all_at_once,False
chat_with_guest_simulation_llm_messages_log_Diana-Walsh_test_case_number_56,5,5a9bc9eb-8e21-417a-9147-4652e52b75b5,2025-08-30T05:37:38.149041+00:00,agent,"[{'name': 'Club Sandwich', 'quantity': 1, 'base_price': 15.99, 'item_total_price': 15.99, 'modifiers': [{'name': 'White Bread', 'price': 0.0}, {'name': 'French Fries', 'price': 0.0}]}, {'name': 'Cappuccino', 'quantity': 1, 'base_price': 4.99, 'item_total_price': 4.99, 'modifiers': [{'name': 'Small', 'price': 0.0}]}]","[{'name': 'Club Sandwich', 'quantity': 1, 'modifiers': ['White', 'French Fries']}, {'name': 'Cappuccino', 'quantity': 1, 'modifiers': ['Small']}]",yes,does_not_explore_menu,casual,all_at_once,False
chat_with_guest_simulation_llm_messages_log_Miguel-Rodriguez_test_case_number_9,1,c1a9bd5d-15e6-49f2-aade-1c05dded264f,2025-08-30T05:26:43.578834+00:00,agent,[],"[{'name': 'Spaghetti Carbonara', 'quantity': 1, 'modifiers': ['Shrimp', 'Extra Parmesan', 'Garlic Bread']}, {'name': 'Caesar Salad', 'quantity': 1, 'modifiers': ['Salmon', 'No Croutons']}, {'name': 'Chocolate Lava Cake', 'quantity': 1, 'modifiers': ['Strawberry', 'Extra Ice Cream Scoop']}]",no,does_not_explore_menu,casual,all_at_once,False
chat_with_guest_simulation_llm_messages_log_Miguel-Rodriguez_test_case_number_9,3,38d2cb1e-69dc-4969-8253-9eccdafabbbf,2025-08-30T05:26:46.753981+00:00,agent,[],"[{'name': 'Spaghetti Carbonara', 'quantity': 1, 'modifiers': ['Shrimp', 'Extra Parmesan', 'Garlic Bread']}, {'name': 'Caesar Salad', 'quantity': 1, 'modifiers': ['Salmon', 'No Croutons']}, {'name': 'Chocolate Lava Cake', 'quantity': 1, 'modifiers': ['Strawberry', 'Extra Ice Cream Scoop']}]",yes,does_not_explore_menu,casual,all_at_once,False
chat_with_guest_simulation_llm_messages_log_Miguel-Rodriguez_test_case_number_9,5,a1ef85b1-fd49-4450-8b88-7ed2aa823764,2025-08-30T05:26:49.490549+00:00,agent,[],"[{'name': 'Spaghetti Carbonara', 'quantity': 1, 'modifiers': ['Shrimp', 'Extra Parmesan', 'Garlic Bread']}, {'name': 'Caesar Salad', 'quantity': 1, 'modifiers': ['Salmon', 'No Croutons']}, {'name': 'Chocolate Lava Cake', 'quantity': 1, 'modifiers': ['Strawberry', 'Extra Ice Cream Scoop']}]",yes,does_not_explore_menu,casual,one_by_one,False
chat_with_guest_simulation_llm_messages_log_Miguel-Rodriguez_test_case_number_9,7,64542a53-61cd-4ec5-924a-f2b352c60c0d,2025-08-30T05:26:53.002170+00:00,agent,[],"[{'name': 'Spaghetti Carbonara', 'quantity': 1, 'modifiers': ['Shrimp', 'Extra Parmesan', 'Garlic Bread']}, {'name': 'Caesar Salad', 'quantity': 1, 'modifiers': ['Salmon', 'No Croutons']}, {'name': 'Chocolate Lava Cake', 'quantity': 1, 'modifiers': ['Strawberry', 'Extra Ice Cream Scoop']}]",no,does_not_explore_menu,casual,all_at_once,False
chat_with_guest_simulation_llm_messages_log_Miguel-Rodriguez_test_case_number_9,9,f0a6e074-bcb6-4fa7-98c3-6668d879484e,2025-08-30T05:26:58.021240+00:00,agent,"[{'name': 'Spaghetti Carbonara', 'quantity': 1, 'base_price': 18.99, 'item_total_price': 32.99, 'modifiers': [{'name': 'Shrimp', 'price': 8.0}, {'name': 'Extra Parmesan', 'price': 2.0}, {'name': 'Garlic Bread', 'price': 4.0}]}, {'name': 'Caesar Salad', 'quantity': 1, 'base_price': 12.99, 'item_total_price': 22.99, 'modifiers': [{'name': 'Salmon', 'price': 10.0}, {'name': 'No Croutons', 'price': 0.0}]}, {'name': 'Chocolate Lava Cake', 'quantity': 1, 'base_price': 8.99, 'item_total_price': 11.99, 'modifiers': [{'name': 'Strawberry Ice Cream', 'price': 0.0}, {'name': 'Extra Ice Cream Scoop', 'price': 3.0}]}]","[{'name': 'Spaghetti Carbonara', 'quantity': 1, 'modifiers': ['Shrimp', 'Extra Parmesan', 'Garlic Bread']}, {'name': 'Caesar Salad', 'quantity': 1, 'modifiers': ['Salmon', 'No Croutons']}, {'name': 'Chocolate Lava Cake', 'quantity': 1, 'modifiers': ['Strawberry', 'Extra Ice Cream Scoop']}]",no,does_not_explore_menu,frustrated,all_at_once,False
chat_with_guest_simulation_llm_messages_log_Priya-Patel_test_case_number_31,1,99635c24-0beb-4abe-b79d-764e9e9239af,2025-08-30T05:32:56.326678+00:00,agent,[],"[{'name': 'Kids Chicken Tenders', 'quantity': 3, 'modifiers': ['Honey Mustard', 'French Fries', 'Apple Juice']}, {'name': 'Margherita Pizza', 'quantity': 1, 'modifiers': ['Large 18""']}]",no,does_not_explore_menu,casual,all_at_once,False
chat_with_guest_simulation_llm_messages_log_Priya-Patel_test_case_number_31,3,621e7a6b-ed40-4ead-9779-87744198704d,2025-08-30T05:32:59.508279+00:00,agent,[],"[{'name': 'Kids Chicken Tenders', 'quantity': 3, 'modifiers': ['Honey Mustard', 'French Fries', 'Apple Juice']}, {'name': 'Margherita Pizza', 'quantity': 1, 'modifiers': ['Large 18""']}]",yes,does_not_explore_menu,casual,all_at_once,False
chat_with_guest_simulation_llm_messages_log_Priya-Patel_test_case_number_31,5,b80c5fd4-6218-4014-90cd-590d2dc77b03,2025-08-30T05:33:03.235573+00:00,agent,"[{'name': 'Kids Chicken Tenders', 'quantity': 3, 'base_price': 8.99, 'item_total_price': 26.97, 'modifiers': ['Honey Mustard', 'French Fries', 'Apple Juice']}, {'name': 'Margherita Pizza', 'quantity': 1, 'base_price': 24.99, 'item_total_price': 24.99, 'modifiers': ['Large 18""']}]","[{'name': 'Kids Chicken Tenders', 'quantity': 3, 'modifiers': ['Honey Mustard', 'French Fries', 'Apple Juice']}, {'name': 'Margherita Pizza', 'quantity': 1, 'modifiers': ['Large 18""']}]",yes,does_not_explore_menu,casual,all_at_once,False
chat_with_guest_simulation_llm_messages_log_James-O'Brien_test_case_number_42,1,9c4ba283-8ceb-4d7a-a5ec-e661738ca57c,2025-08-30T05:34:58.396360+00:00,agent,[],"[{'name': 'Margherita Pizza', 'quantity': 3, 'modifiers': ['Large 18""']}, {'name': 'Buffalo Wings', 'quantity': 3, 'modifiers': []}]",no,does_not_explore_menu,casual,all_at_once,False
chat_with_guest_simulation_llm_messages_log_James-O'Brien_test_case_number_42,3,9c2d24c0-24dc-4863-b943-0e7fb0283261,2025-08-30T05:35:01.258296+00:00,agent,[],"[{'name': 'Margherita Pizza', 'quantity': 3, 'modifiers': ['Large 18""']}, {'name': 'Buffalo Wings', 'quantity': 3, 'modifiers': []}]",no,does_not_explore_menu,casual,all_at_once,False
chat_with_guest_simulation_llm_messages_log_James-O'Brien_test_case_number_42,5,78b50cf3-59a3-43b9-bacd-22e1c15bef45,2025-08-30T05:35:03.925887+00:00,agent,[],"[{'name': 'Margherita Pizza', 'quantity': 3, 'modifiers': ['Large 18""']}, {'name': 'Buffalo Wings', 'quantity': 3, 'modifiers': []}]",yes,does_not_explore_menu,casual,all_at_once,False
chat_with_guest_simulation_llm_messages_log_James-O'Brien_test_case_number_42,7,f204b859-45ae-4c3b-88e9-4488009739b1,2025-08-30T05:35:06.252931+00:00,agent,"[{'name': 'Margherita Pizza', 'quantity': 3, 'base_price': 16.99, 'item_total_price': 50.97, 'modifiers': ['Large 18""', 'Classic with fresh mozzarella, tomatoes, and basil']}, {'name': 'Buffalo Wings', 'quantity': 3, 'base_price': 13.99, 'item_total_price': 41.97, 'modifiers': ['Extra Hot sauce']}]","[{'name': 'Margherita Pizza', 'quantity': 3, 'modifiers': ['Large 18""']}, {'name': 'Buffalo Wings', 'quantity': 3, 'modifiers': []}]",yes,does_not_explore_menu,casual,all_at_once,False
chat_with_guest_simulation_llm_messages_log_Barbara-Nelson_test_case_number_51,1,f0467009-717d-4a0c-850e-ded52d711e91,2025-08-30T05:36:40.966077+00:00,agent,[],"[{'name': 'Chicken Parmesan', 'quantity': 1, 'modifiers': ['Penne', 'Extra Sauce']}, {'name': 'Fettuccine Alfredo', 'quantity': 1, 'modifiers': ['Grilled Chicken', 'Broccoli']}, {'name': 'Cappuccino', 'quantity': 1, 'modifiers': ['Large', 'Decaf']}]",no,does_not_explore_menu,casual,all_at_once,False
chat_with_guest_simulation_llm_messages_log_Barbara-Nelson_test_case_number_51,3,2d33c20a-3e17-4fb3-be10-5da3494e1cad,2025-08-30T05:36:43.453764+00:00,agent,[],"[{'name': 'Chicken Parmesan', 'quantity': 1, 'modifiers': ['Penne', 'Extra Sauce']}, {'name': 'Fettuccine Alfredo', 'quantity': 1, 'modifiers': ['Grilled Chicken', 'Broccoli']}, {'name': 'Cappuccino', 'quantity': 1, 'modifiers': ['Large', 'Decaf']}]",yes,does_not_explore_menu,casual,all_at_once,False
chat_with_guest_simulation_llm_messages_log_Barbara-Nelson_test_case_number_51,5,67a60da0-6639-4a0f-b7ad-402e3b2cc78a,2025-08-30T05:36:48.476608+00:00,agent,"[{'name': 'Chicken Parmesan with Penne', 'quantity': 1, 'base_price': 22.99, 'item_total_price': 24.99, 'modifiers': ['Extra Sauce']}, {'name': 'Fettuccine Alfredo with Grilled Chicken', 'quantity': 1, 'base_price': 16.99, 'item_total_price': 25.99, 'modifiers': ['Broccoli']}, {'name': 'Cappuccino', 'quantity': 1, 'base_price': 4.99, 'item_total_price': 6.99, 'modifiers': ['Large', 'Decaf']}]","[{'name': 'Chicken Parmesan', 'quantity': 1, 'modifiers': ['Penne', 'Extra Sauce']}, {'name': 'Fettuccine Alfredo', 'quantity': 1, 'modifiers': ['Grilled Chicken', 'Broccoli']}, {'name': 'Cappuccino', 'quantity': 1, 'modifiers': ['Large', 'Decaf']}]",yes,does_not_explore_menu,casual,all_at_once,False
chat_with_guest_simulation_llm_messages_log_Marcus-James_test_case_number_30,1,3931ece2-9501-4e05-bd08-60b7399900a7,2025-08-30T05:32:40.965777+00:00,agent,[],"[{'name': 'Classic Burger', 'quantity': 2, 'modifiers': ['Medium', 'Lettuce Wrap', 'Side Salad']}, {'name': 'Vegetable Stir Fry', 'quantity': 1, 'modifiers': ['Cauliflower Rice']}]",no,does_not_explore_menu,casual,all_at_once,False
chat_with_guest_simulation_llm_messages_log_Marcus-James_test_case_number_30,3,341bc70c-b46b-471e-ad27-e21010e5338e,2025-08-30T05:32:43.618846+00:00,agent,[],"[{'name': 'Classic Burger', 'quantity': 2, 'modifiers': ['Medium', 'Lettuce Wrap', 'Side Salad']}, {'name': 'Vegetable Stir Fry', 'quantity': 1, 'modifiers': ['Cauliflower Rice']}]",yes,does_not_explore_menu,casual,all_at_once,False
chat_with_guest_simulation_llm_messages_log_Marcus-James_test_case_number_30,5,d0139e26-87a0-4cb9-83d0-600f185f14de,2025-08-30T05:32:47.218482+00:00,agent,[],"[{'name': 'Classic Burger', 'quantity': 2, 'modifiers': ['Medium', 'Lettuce Wrap', 'Side Salad']}, {'name': 'Vegetable Stir Fry', 'quantity': 1, 'modifiers': ['Cauliflower Rice']}]",yes,does_not_explore_menu,confused,all_at_once,False
chat_with_guest_simulation_llm_messages_log_Marcus-James_test_case_number_30,7,15e93806-c413-4a55-9f5c-fb7b0c75f57e,2025-08-30T05:32:51.539475+00:00,agent,"[{'name': 'Classic Burger', 'quantity': 2, 'base_price': 15.99, 'item_total_price': 31.98, 'modifiers': [{'name': 'Cooked Medium'}, {'name': 'Lettuce Wrap'}, {'name': 'Side Salad'}]}, {'name': 'Vegetable Stir Fry', 'quantity': 1, 'base_price': 14.99, 'item_total_price': 17.99, 'modifiers': [{'name': 'Cauliflower Rice'}]}]","[{'name': 'Classic Burger', 'quantity': 2, 'modifiers': ['Medium', 'Lettuce Wrap', 'Side Salad']}, {'name': 'Vegetable Stir Fry', 'quantity': 1, 'modifiers': ['Cauliflower Rice']}]",yes,does_not_explore_menu,casual,all_at_once,False
chat_with_guest_simulation_llm_messages_log_Barbara-Nelson_test_case_number_50,1,2cf7ff42-ffcb-4092-8876-ac931bba8eda,2025-08-30T05:36:27.246078+00:00,agent,[],"[{'name': 'Ribeye Steak', 'quantity': 1, 'modifiers': ['Medium', 'Barnaise', 'Loaded Baked Potato']}, {'name': 'Atlantic Salmon', 'quantity': 1, 'modifiers': ['Blackened', 'Quinoa']}, {'name': 'New York Cheesecake', 'quantity': 1, 'modifiers': ['Caramel Sauce']}]",no,does_not_explore_menu,casual,all_at_once,False
chat_with_guest_simulation_llm_messages_log_Barbara-Nelson_test_case_number_50,3,c85623bf-9676-4711-8f63-881fc6958e45,2025-08-30T05:36:35.701301+00:00,agent,"[{'name': 'Ribeye Steak', 'quantity': 1, 'base_price': 42.99, 'item_total_price': 49.99, 'modifiers': [{'name': 'Barnaise sauce', 'price': 3.0}, {'name': 'Loaded Baked Potato', 'price': 4.0}]}, {'name': 'Atlantic Salmon', 'quantity': 1, 'base_price': 26.99, 'item_total_price': 28.99, 'modifiers': [{'name': 'Quinoa', 'price': 2.0}]}, {'name': 'New York Cheesecake', 'quantity': 1, 'base_price': 7.99, 'item_total_price': 9.49, 'modifiers': [{'name': 'Caramel Sauce', 'price': 1.5}]}]","[{'name': 'Ribeye Steak', 'quantity': 1, 'modifiers': ['Medium', 'Barnaise', 'Loaded Baked Potato']}, {'name': 'Atlantic Salmon', 'quantity': 1, 'modifiers': ['Blackened', 'Quinoa']}, {'name': 'New York Cheesecake', 'quantity': 1, 'modifiers': ['Caramel Sauce']}]",yes,does_not_explore_menu,casual,all_at_once,False
chat_with_guest_simulation_llm_messages_log_James-O'Brien_test_case_number_41,1,c9f7ad59-a93f-45d8-99e8-4167545665c7,2025-08-30T05:34:46.310034+00:00,agent,[],"[{'name': 'Baby Back Ribs', 'quantity': 3, 'modifiers': ['French Fries']}, {'name': 'Grilled Chicken Sandwich', 'quantity': 3, 'modifiers': ['French Fries']}]",no,does_not_explore_menu,casual,all_at_once,False
chat_with_guest_simulation_llm_messages_log_James-O'Brien_test_case_number_41,3,0bf9f39f-b5e3-4c2f-a3f5-d2235befb0d6,2025-08-30T05:34:49.081253+00:00,agent,[],"[{'name': 'Baby Back Ribs', 'quantity': 3, 'modifiers': ['French Fries']}, {'name': 'Grilled Chicken Sandwich', 'quantity': 3, 'modifiers': ['French Fries']}]",yes,does_not_explore_menu,casual,all_at_once,False
chat_with_guest_simulation_llm_messages_log_James-O'Brien_test_case_number_41,5,b6d6ef8d-ab10-4ded-bf77-b76e16d44fac,2025-08-30T05:34:53.352182+00:00,agent,"[{'name': 'Baby Back Ribs with French Fries', 'quantity': 3, 'base_price': 28.99, 'item_total_price': 86.97, 'modifiers': ['no sauce']}, {'name': 'Grilled Chicken Sandwich with French Fries', 'quantity': 3, 'base_price': 14.99, 'item_total_price': 44.97, 'modifiers': []}]","[{'name': 'Baby Back Ribs', 'quantity': 3, 'modifiers': ['French Fries']}, {'name': 'Grilled Chicken Sandwich', 'quantity': 3, 'modifiers': ['French Fries']}]",yes,does_not_explore_menu,casual,all_at_once,False
chat_with_guest_simulation_llm_messages_log_Frank-Morrison_test_case_number_60,1,9d389ff1-97c9-409b-8d11-2fbbab42e1c6,2025-08-30T05:38:13.788393+00:00,agent,[],"[{'name': 'Classic Burger', 'quantity': 1, 'modifiers': ['Well Done', 'American', 'French Fries']}, {'name': 'Grilled Chicken Sandwich', 'quantity': 1, 'modifiers': ['Fruit Cup']}, {'name': 'Fresh Orange Juice', 'quantity': 2, 'modifiers': ['Small']}]",no,does_not_explore_menu,casual,one_by_one,False
chat_with_guest_simulation_llm_messages_log_Frank-Morrison_test_case_number_60,3,93d7f27d-f631-4634-9f75-f09100a6b548,2025-08-30T05:38:16.640092+00:00,agent,[],"[{'name': 'Classic Burger', 'quantity': 1, 'modifiers': ['Well Done', 'American', 'French Fries']}, {'name': 'Grilled Chicken Sandwich', 'quantity': 1, 'modifiers': ['Fruit Cup']}, {'name': 'Fresh Orange Juice', 'quantity': 2, 'modifiers': ['Small']}]",no,does_not_explore_menu,casual,one_by_one,False
chat_with_guest_simulation_llm_messages_log_Frank-Morrison_test_case_number_60,5,811afc32-f1b6-400d-9b00-7a5f872c299b,2025-08-30T05:38:18.998075+00:00,agent,[],"[{'name': 'Classic Burger', 'quantity': 1, 'modifiers': ['Well Done', 'American', 'French Fries']}, {'name': 'Grilled Chicken Sandwich', 'quantity': 1, 'modifiers': ['Fruit Cup']}, {'name': 'Fresh Orange Juice', 'quantity': 2, 'modifiers': ['Small']}]",no,does_not_explore_menu,casual,one_by_one,False
chat_with_guest_simulation_llm_messages_log_Frank-Morrison_test_case_number_60,7,7276609b-9f13-417e-be6a-fda66104b593,2025-08-30T05:38:23.094360+00:00,agent,[],"[{'name': 'Classic Burger', 'quantity': 1, 'modifiers': ['Well Done', 'American', 'French Fries']}, {'name': 'Grilled Chicken Sandwich', 'quantity': 1, 'modifiers': ['Fruit Cup']}, {'name': 'Fresh Orange Juice', 'quantity': 2, 'modifiers': ['Small']}]",yes,does_not_explore_menu,casual,all_at_once,False
chat_with_guest_simulation_llm_messages_log_Frank-Morrison_test_case_number_60,9,716c8842-258f-4317-a853-a82b10d66dc9,2025-08-30T05:38:27.379718+00:00,agent,"[{'name': 'Classic Burger', 'quantity': 1, 'base_price': 15.99, 'item_total_price': 15.99, 'modifiers': [{'name': 'Well Done', 'price': 0.0}, {'name': 'American Cheese', 'price': 0.0}, {'name': 'French Fries', 'price': 0.0}]}, {'name': 'Grilled Chicken Sandwich', 'quantity': 1, 'base_price': 14.99, 'item_total_price': 16.99, 'modifiers': [{'name': 'Fruit Cup', 'price': 2.0}, {'name': 'No Cheese', 'price': 0.0}]}, {'name': 'Fresh Orange Juice', 'quantity': 2, 'base_price': 5.99, 'item_total_price': 11.98, 'modifiers': [{'name': 'Small', 'price': 0.0}]}]","[{'name': 'Classic Burger', 'quantity': 1, 'modifiers': ['Well Done', 'American', 'French Fries']}, {'name': 'Grilled Chicken Sandwich', 'quantity': 1, 'modifiers': ['Fruit Cup']}, {'name': 'Fresh Orange Juice', 'quantity': 2, 'modifiers': ['Small']}]",yes,does_not_explore_menu,casual,all_at_once,False
chat_with_guest_simulation_llm_messages_log_James-O'Brien_test_case_number_40,1,54d1e389-3a66-42f1-9922-d9128ee60507,2025-08-30T05:34:34.356939+00:00,agent,[],"[{'name': 'Classic Burger', 'quantity': 4, 'modifiers': ['Medium', 'French Fries']}, {'name': 'BBQ Bacon Burger', 'quantity': 2, 'modifiers': ['Medium', 'French Fries']}]",no,does_not_explore_menu,casual,all_at_once,False
chat_with_guest_simulation_llm_messages_log_James-O'Brien_test_case_number_40,3,8130b1b4-d917-4f58-8fc5-d06e824caadd,2025-08-30T05:34:38.218711+00:00,agent,[],"[{'name': 'Classic Burger', 'quantity': 4, 'modifiers': ['Medium', 'French Fries']}, {'name': 'BBQ Bacon Burger', 'quantity': 2, 'modifiers': ['Medium', 'French Fries']}]",no,does_not_explore_menu,casual,all_at_once,False
chat_with_guest_simulation_llm_messages_log_James-O'Brien_test_case_number_40,5,3b568a77-3137-4de5-a0e6-8309f737178f,2025-08-30T05:34:41.698627+00:00,agent,"[{'name': 'Classic Burger', 'quantity': 4, 'base_price': 15.99, 'item_total_price': 63.96, 'modifiers': ['Medium', 'French Fries']}, {'name': 'BBQ Bacon Burger', 'quantity': 2, 'base_price': 18.99, 'item_total_price': 37.98, 'modifiers': ['Medium', 'French Fries']}]","[{'name': 'Classic Burger', 'quantity': 4, 'modifiers': ['Medium', 'French Fries']}, {'name': 'BBQ Bacon Burger', 'quantity': 2, 'modifiers': ['Medium', 'French Fries']}]",yes,does_not_explore_menu,casual,all_at_once,False
chat_with_guest_simulation_llm_messages_log_Rachel-Green_test_case_number_39,1,2727a508-d90e-41fc-8588-2898ff275dc7,2025-08-30T05:34:24.569847+00:00,agent,[],"[{'name': 'Filet Mignon', 'quantity': 1, 'modifiers': ['Medium Rare', 'Hollandaise']}, {'name': 'New York Cheesecake', 'quantity': 1, 'modifiers': ['Strawberry', 'Chocolate Sauce']}]",no,does_not_explore_menu,casual,all_at_once,False
chat_with_guest_simulation_llm_messages_log_Rachel-Green_test_case_number_39,3,20158e6d-730a-4193-866a-ad2686db1b6a,2025-08-30T05:34:28.738689+00:00,agent,"[{'name': 'Filet Mignon', 'quantity': 1, 'base_price': 48.99, 'item_total_price': 51.99, 'modifiers': [{'name': 'Medium Rare', 'price': 0.0}, {'name': 'Hollandaise', 'price': 3.0}]}, {'name': 'New York Cheesecake', 'quantity': 1, 'base_price': 7.99, 'item_total_price': 11.49, 'modifiers': [{'name': 'Strawberry', 'price': 2.0}, {'name': 'Chocolate Sauce', 'price': 1.5}]}]","[{'name': 'Filet Mignon', 'quantity': 1, 'modifiers': ['Medium Rare', 'Hollandaise']}, {'name': 'New York Cheesecake', 'quantity': 1, 'modifiers': ['Strawberry', 'Chocolate Sauce']}]",no,does_not_explore_menu,casual,all_at_once,False
chat_with_guest_simulation_llm_messages_log_Rachel-Green_test_case_number_38,1,6da8b663-7ffa-4c8d-afc1-f29ddb61f11b,2025-08-30T05:34:13.543156+00:00,agent,[],"[{'name': 'Chicken Parmesan', 'quantity': 1, 'modifiers': ['Angel Hair', 'Extra Cheese']}, {'name': 'House Red Wine', 'quantity': 1, 'modifiers': ['Bottle']}]",no,does_not_explore_menu,casual,all_at_once,False
chat_with_guest_simulation_llm_messages_log_Rachel-Green_test_case_number_38,3,abc032ba-7864-4fef-8a9c-1978236713e7,2025-08-30T05:34:16.410330+00:00,agent,[],"[{'name': 'Chicken Parmesan', 'quantity': 1, 'modifiers': ['Angel Hair', 'Extra Cheese']}, {'name': 'House Red Wine', 'quantity': 1, 'modifiers': ['Bottle']}]",no,explores_menu,casual,all_at_once,False
chat_with_guest_simulation_llm_messages_log_Rachel-Green_test_case_number_38,5,8d4eedc4-492b-4011-bf4d-7aeb7dc445b3,2025-08-30T05:34:19.688083+00:00,agent,"[{'name': 'Chicken Parmesan with Angel Hair', 'quantity': 1, 'base_price': 22.99, 'item_total_price': 25.99, 'modifiers': ['Extra Cheese']}, {'name': 'House Red Wine with Bottle', 'quantity': 1, 'base_price': 24.0, 'item_total_price': 24.0, 'modifiers': []}]","[{'name': 'Chicken Parmesan', 'quantity': 1, 'modifiers': ['Angel Hair', 'Extra Cheese']}, {'name': 'House Red Wine', 'quantity': 1, 'modifiers': ['Bottle']}]",yes,does_not_explore_menu,casual,all_at_once,False
chat_with_guest_simulation_llm_messages_log_Kevin-Liu_test_case_number_46,1,ef04ba3a-1aaa-489d-8adc-fdeec5e86009,2025-08-30T05:35:36.882476+00:00,agent,[],"[{'name': 'Classic Burger', 'quantity': 1, 'modifiers': ['Medium', 'French Fries']}]",no,does_not_explore_menu,casual,all_at_once,False
chat_with_guest_simulation_llm_messages_log_Kevin-Liu_test_case_number_46,3,57379520-e2dd-40eb-ac17-fccba77ef29e,2025-08-30T05:35:39.143203+00:00,agent,"[{'name': 'Classic Burger', 'quantity': 1, 'base_price': 15.99, 'item_total_price': 15.99, 'modifiers': [{'name': 'Cooked Medium'}, {'name': 'French Fries'}]}]","[{'name': 'Classic Burger', 'quantity': 1, 'modifiers': ['Medium', 'French Fries']}]",no,does_not_explore_menu,casual,all_at_once,False
chat_with_guest_simulation_llm_messages_log_Kevin-Liu_test_case_number_47,1,88823eb3-1943-4a02-b7da-65493f9a75ff,2025-08-30T05:35:43.877603+00:00,agent,[],"[{'name': 'Buffalo Wings', 'quantity': 1, 'modifiers': []}]",no,does_not_explore_menu,casual,all_at_once,False
chat_with_guest_simulation_llm_messages_log_Kevin-Liu_test_case_number_47,3,fd0c9175-9575-4eb2-9855-921f2e99574c,2025-08-30T05:35:46.015540+00:00,agent,[],"[{'name': 'Buffalo Wings', 'quantity': 1, 'modifiers': []}]",yes,does_not_explore_menu,casual,all_at_once,False
chat_with_guest_simulation_llm_messages_log_Kevin-Liu_test_case_number_47,5,4e6f78ba-96d2-4e9f-9c39-cb0a9401b4f2,2025-08-30T05:35:47.904585+00:00,agent,"[{'name': 'Buffalo Wings', 'quantity': 1, 'base_price': 13.99, 'item_total_price': 13.99, 'modifiers': ['classic buffalo sauce']}]","[{'name': 'Buffalo Wings', 'quantity': 1, 'modifiers': []}]",yes,does_not_explore_menu,casual,all_at_once,False
chat_with_guest_simulation_llm_messages_log_Linda-Walsh_test_case_number_25,1,b7e9aa3e-19d2-43df-951a-77f750ef9a5f,2025-08-30T05:31:41.935414+00:00,agent,[],"[{'name': 'French Onion Soup', 'quantity': 1, 'modifiers': []}]",no,does_not_explore_menu,casual,all_at_once,False
chat_with_guest_simulation_llm_messages_log_Linda-Walsh_test_case_number_25,3,4f0414f7-aec3-4d56-aabc-1b460ffb7c5d,2025-08-30T05:31:43.899683+00:00,agent,[],"[{'name': 'French Onion Soup', 'quantity': 1, 'modifiers': []}]",no,does_not_explore_menu,casual,one_by_one,False
chat_with_guest_simulation_llm_messages_log_Linda-Walsh_test_case_number_25,5,59c6e5f3-394b-49db-bfba-c00b576bfa0f,2025-08-30T05:31:46.415210+00:00,agent,[],"[{'name': 'French Onion Soup', 'quantity': 1, 'modifiers': []}]",yes,does_not_explore_menu,casual,all_at_once,False
chat_with_guest_simulation_llm_messages_log_Linda-Walsh_test_case_number_25,7,03d43de9-c110-4856-95f5-4b3016674ea4,2025-08-30T05:31:48.955319+00:00,agent,"[{'name': 'French Onion Soup', 'quantity': 1, 'base_price': 8.99, 'item_total_price': 8.99, 'modifiers': []}]","[{'name': 'French Onion Soup', 'quantity': 1, 'modifiers': []}]",yes,does_not_explore_menu,casual,all_at_once,False
chat_with_guest_simulation_llm_messages_log_Emily-Chen_test_case_number_6,1,b6f91aed-059e-49bb-9f1d-2d442e14b7ed,2025-08-30T05:26:04.470556+00:00,agent,[],"[{'name': 'Vegetable Stir Fry', 'quantity': 1, 'modifiers': ['Tofu', 'Brown Rice']}, {'name': 'Coca-Cola', 'quantity': 1, 'modifiers': ['Small', 'Light Ice']}]",no,does_not_explore_menu,casual,all_at_once,False
chat_with_guest_simulation_llm_messages_log_Emily-Chen_test_case_number_6,3,441109ee-9874-46d4-9ac8-77561e7e6f4d,2025-08-30T05:26:06.731782+00:00,agent,[],"[{'name': 'Vegetable Stir Fry', 'quantity': 1, 'modifiers': ['Tofu', 'Brown Rice']}, {'name': 'Coca-Cola', 'quantity': 1, 'modifiers': ['Small', 'Light Ice']}]",yes,does_not_explore_menu,casual,all_at_once,False
chat_with_guest_simulation_llm_messages_log_Emily-Chen_test_case_number_6,5,e0509627-6f0d-4b38-93e7-5185f80d336a,2025-08-30T05:26:08.977229+00:00,agent,"[{'name': 'Vegetable Stir Fry with tofu and brown rice', 'quantity': 1, 'base_price': 14.99, 'item_total_price': 18.99, 'modifiers': [{'name': 'tofu', 'price': 4.0}, {'name': 'brown rice', 'price': 0.0}]}, {'name': 'Small Coca-Cola with light ice', 'quantity': 1, 'base_price': 3.99, 'item_total_price': 3.99, 'modifiers': [{'name': 'light ice', 'price': 0.0}]}]","[{'name': 'Vegetable Stir Fry', 'quantity': 1, 'modifiers': ['Tofu', 'Brown Rice']}, {'name': 'Coca-Cola', 'quantity': 1, 'modifiers': ['Small', 'Light Ice']}]",yes,does_not_explore_menu,casual,all_at_once,False
chat_with_guest_simulation_llm_messages_log_Linda-Walsh_test_case_number_26,1,256f85ed-77f8-49a7-a6eb-af2fbd683ba4,2025-08-30T05:31:53.557826+00:00,agent,[],"[{'name': 'New England Clam Chowder', 'quantity': 1, 'modifiers': ['Bowl Size']}]",no,does_not_explore_menu,casual,all_at_once,False
chat_with_guest_simulation_llm_messages_log_Linda-Walsh_test_case_number_26,3,04374553-ea72-442e-aae6-b5a2d9cc04f4,2025-08-30T05:31:55.403833+00:00,agent,[],"[{'name': 'New England Clam Chowder', 'quantity': 1, 'modifiers': ['Bowl Size']}]",no,does_not_explore_menu,casual,one_by_one,False
chat_with_guest_simulation_llm_messages_log_Linda-Walsh_test_case_number_26,5,5e4fdd75-22dd-4008-8ab1-8eaee14a6e59,2025-08-30T05:31:57.253649+00:00,agent,[],"[{'name': 'New England Clam Chowder', 'quantity': 1, 'modifiers': ['Bowl Size']}]",no,does_not_explore_menu,casual,all_at_once,False
chat_with_guest_simulation_llm_messages_log_Linda-Walsh_test_case_number_26,7,9f72ba63-7fc4-410e-959b-1805e87d49c0,2025-08-30T05:31:59.904299+00:00,agent,"[{'name': 'New England Clam Chowder', 'quantity': 1, 'base_price': 9.99, 'item_total_price': 12.99, 'modifiers': [{'name': 'Bowl Size', 'price': 3.0}]}]","[{'name': 'New England Clam Chowder', 'quantity': 1, 'modifiers': ['Bowl Size']}]",yes,does_not_explore_menu,casual,all_at_once,False
chat_with_guest_simulation_llm_messages_log_Robert-Kim_test_case_number_18,1,0cd015e0-f6ca-49a9-916f-399fc14f1593,2025-08-30T05:29:00.764733+00:00,agent,[],"[{'name': 'Fish and Chips', 'quantity': 1, 'modifiers': []}]",no,does_not_explore_menu,casual,all_at_once,False
chat_with_guest_simulation_llm_messages_log_Robert-Kim_test_case_number_18,3,280e3c49-cf77-44ec-9090-1caf20442d64,2025-08-30T05:29:04.570856+00:00,agent,[],"[{'name': 'Fish and Chips', 'quantity': 1, 'modifiers': []}]",no,does_not_explore_menu,casual,all_at_once,False
chat_with_guest_simulation_llm_messages_log_Robert-Kim_test_case_number_18,5,4744394d-2bf2-4b74-baa9-58cfad13f854,2025-08-30T05:29:07.804103+00:00,agent,"[{'name': 'Fish and Chips', 'quantity': 1, 'base_price': 18.99, 'item_total_price': 18.99, 'modifiers': []}]","[{'name': 'Fish and Chips', 'quantity': 1, 'modifiers': []}]",yes,does_not_explore_menu,casual,all_at_once,False
chat_with_guest_simulation_llm_messages_log_Emily-Chen_test_case_number_4,1,f32170b4-a276-4950-9966-7821ea307dfd,2025-08-30T05:25:45.573830+00:00,agent,[],"[{'name': 'Atlantic Salmon', 'quantity': 1, 'modifiers': ['Grilled']}, {'name': 'Fresh Orange Juice', 'quantity': 1, 'modifiers': ['Small']}]",no,does_not_explore_menu,casual,all_at_once,False
chat_with_guest_simulation_llm_messages_log_Emily-Chen_test_case_number_4,3,55eb74a6-c906-4905-9085-05ff13e6f498,2025-08-30T05:25:48.437717+00:00,agent,[],"[{'name': 'Atlantic Salmon', 'quantity': 1, 'modifiers': ['Grilled']}, {'name': 'Fresh Orange Juice', 'quantity': 1, 'modifiers': ['Small']}]",no,does_not_explore_menu,casual,all_at_once,False
chat_with_guest_simulation_llm_messages_log_Emily-Chen_test_case_number_4,5,46cd7ea3-b7bc-4343-8451-5f4f29a5447e,2025-08-30T05:25:50.537742+00:00,agent,"[{'name': 'Grilled Atlantic Salmon', 'quantity': 1, 'base_price': 26.99, 'item_total_price': 26.99, 'modifiers': []}, {'name': 'Small Fresh Orange Juice', 'quantity': 1, 'base_price': 5.99, 'item_total_price': 5.99, 'modifiers': []}]","[{'name': 'Atlantic Salmon', 'quantity': 1, 'modifiers': ['Grilled']}, {'name': 'Fresh Orange Juice', 'quantity': 1, 'modifiers': ['Small']}]",yes,does_not_explore_menu,casual,all_at_once,False
chat_with_guest_simulation_llm_messages_log_Emily-Chen_test_case_number_5,1,3d5f9380-70c4-4b07-8377-a381a40806a5,2025-08-30T05:25:55.393645+00:00,agent,[],"[{'name': 'Caesar Salad', 'quantity': 1, 'modifiers': ['Grilled Shrimp', 'Dressing on Side']}, {'name': 'Cappuccino', 'quantity': 1, 'modifiers': ['Small', 'Almond Milk']}]",no,does_not_explore_menu,casual,all_at_once,False
chat_with_guest_simulation_llm_messages_log_Emily-Chen_test_case_number_5,3,0c57a102-c4cf-41e8-8159-64d279bef716,2025-08-30T05:25:59.461484+00:00,agent,"[{'name': 'Caesar Salad with Grilled Shrimp', 'quantity': 1, 'base_price': 12.99, 'item_total_price': 20.99, 'modifiers': ['Dressing on Side']}, {'name': 'Cappuccino', 'quantity': 1, 'base_price': 4.99, 'item_total_price': 4.99, 'modifiers': ['Small', 'Almond Milk']}]","[{'name': 'Caesar Salad', 'quantity': 1, 'modifiers': ['Grilled Shrimp', 'Dressing on Side']}, {'name': 'Cappuccino', 'quantity': 1, 'modifiers': ['Small', 'Almond Milk']}]",yes,does_not_explore_menu,casual,all_at_once,False
chat_with_guest_simulation_llm_messages_log_Linda-Walsh_test_case_number_27,1,c025e24b-633e-4199-ab85-c319e0e7de53,2025-08-30T05:32:03.492645+00:00,agent,[],"[{'name': 'Chicken Parmesan', 'quantity': 1, 'modifiers': []}]",no,does_not_explore_menu,casual,all_at_once,False
chat_with_guest_simulation_llm_messages_log_Linda-Walsh_test_case_number_27,3,2d91270c-9673-46da-aa64-a673869ffee8,2025-08-30T05:32:05.624191+00:00,agent,[],"[{'name': 'Chicken Parmesan', 'quantity': 1, 'modifiers': []}]",no,does_not_explore_menu,casual,all_at_once,False
chat_with_guest_simulation_llm_messages_log_Linda-Walsh_test_case_number_27,5,3192baa4-da96-40de-9152-ab8d84e9252c,2025-08-30T05:32:07.534006+00:00,agent,"[{'name': 'Chicken Parmesan', 'quantity': 1, 'base_price': 22.99, 'item_total_price': 22.99, 'modifiers': []}]","[{'name': 'Chicken Parmesan', 'quantity': 1, 'modifiers': []}]",yes,does_not_explore_menu,casual,all_at_once,False
